"ALLOC_NODE";"ALLOC_NETWORK_LIST";"ELEMENT";"EC_PROD";"Y";"N";"";"1:N";"COLUMN";"ELEMENT_ID";
"ALLOC_NODE";"CONTRACT_ACCOUNT";"SOURCE_NODE";"EC_SALE";"N";"";"";"1:N";"COLUMN";"SOURCE_NODE_ID";
"ALLOC_NODE";"DELIVERY_STREAM";"FROM_NODE";"EC_TRAN";"N";"N";"";"1:N";"FUNCTION";"o.EXIT_DELPNT_ID";
"ALLOC_NODE";"DELIVERY_STREAM";"TO_NODE";"EC_TRAN";"N";"N";"";"1:N";"FUNCTION";"o.ENTRY_DELPNT_ID";
"ALLOC_NODE";"PIPELINE_SEGMENT";"FROM_NODE";"EC_TRAN";"N";"N";"";"1:N";"FUNCTION";"oa.FROM_DELPNT_ID";
"ALLOC_NODE";"PIPELINE_SEGMENT";"TO_NODE";"EC_TRAN";"N";"N";"";"1:N";"FUNCTION";"oa.TO_DELPNT_ID";
"ALLOC_NODE";"STREAM";"FROM_NODE";"EC_PROD";"N";"N";"";"1:1";"ATTRIBUTE";"FROM_NODE_ID";
"ALLOC_NODE";"STREAM";"TO_NODE";"EC_PROD";"N";"N";"";"1:1";"ATTRIBUTE";"TO_NODE_ID";
"ALLOC_PRICE_OBJECT";"PRICE_GROUP_LIST";"ELEMENT";"EC_SALE";"Y";"N";"";"1:N";"COLUMN";"ELEMENT_ID";
"AREA";"FCTY_CLASS_1";"OP_AREA";"EC_PROD";"N";"N";"operational";"1:N";"ATTRIBUTE";"OP_AREA_ID";
"AREA";"FIELD";"GEO_AREA";"EC_PROD";"N";"N";"geographical";"1:N";"ATTRIBUTE";"GEO_AREA_ID";
"AREA";"OPERATOR_ROUTE";"CP_AREA";"EC_PROD";"N";"N";"collection_point";"1:N";"ATTRIBUTE";"CP_AREA_ID";
"AREA";"SUB_AREA";"OP_AREA";"EC_PROD";"N";"N";"operational";"1:N";"ATTRIBUTE";"OP_AREA_ID";
"BERTH";"CARGO_LOAD_INSTRUCTION";"BERTH";"EC_TRAN";"N";"N";"";"1:1";"COLUMN";"BERTH_ID";
"BERTH";"REP_CARGO_TRANSPORT";"BERTH";"EC_TRAN";"N";"N";"";"1:1";"COLUMN";"BERTH_ID";
"BERTH";"STORAGE_BERTH";"BERTH";"EC_TRAN";"Y";"N";"";"1:N";"COLUMN";"BERTH_ID";
"BERTH";"STORAGE_BERTH_OVERVIEW";"BERTH";"EC_TRAN";"Y";"N";"";"1:N";"COLUMN";"BERTH_ID";
"BLEND";"STOR_BLEND_BATCH";"BLEND";"EC_PROD";"N";"N";"";"1:N";"COLUMN";"BLEND_ID";
"BLEND";"STOR_BLEND_CONTENT";"BLEND";"EC_PROD";"N";"N";"";"1:N";"COLUMN";"BLEND_ID";
"BLEND";"STOR_BLEND_OWNSHP";"BLEND";"EC_PROD";"N";"N";"";"1:N";"COLUMN";"BLEND_ID";
"BUSINESS_UNIT";"BERTH";"BUSINESS_UNIT";"EC_TRAN";"N";"";"";"1:N";"ATTRIBUTE";"BUSINESS_UNIT_ID";
"BUSINESS_UNIT";"CARRIER";"BUSINESS_UNIT";"EC_TRAN";"N";"N";"";"1:N";"ATTRIBUTE";"BUSINESS_UNIT_ID";
"BUSINESS_UNIT";"CONTRACT_AREA";"BUSINESS_UNIT";"EC_TRAN";"N";"N";"";"1:N";"ATTRIBUTE";"BUSINESS_UNIT_ID";
"BUSINESS_UNIT";"DELIVERY_POINT";"BUSINESS_UNIT";"EC_TRAN";"N";"N";"";"1:N";"ATTRIBUTE";"BUSINESS_UNIT_ID";
"BUSINESS_UNIT";"DELIVERY_STREAM";"BUSINESS_UNIT";"EC_TRAN";"N";"N";"";"1:N";"ATTRIBUTE";"BUSINESS_UNIT_ID";
"BUSINESS_UNIT";"NOMINATION_LOCATION";"BUSINESS_UNIT";"EC_TRAN";"N";"N";"";"1:N";"ATTRIBUTE";"BUSINESS_UNIT_ID";
"BUSINESS_UNIT";"OPERATIONAL_RESTRICTION";"BUSINESS_UNIT";"EC_TRAN";"N";"N";"";"1:N";"ATTRIBUTE";"BUSINESS_UNIT_ID";
"BUSINESS_UNIT";"PIPELINE";"BUSINESS_UNIT";"EC_TRAN";"N";"N";"";"1:N";"ATTRIBUTE";"BUSINESS_UNIT_ID";
"BUSINESS_UNIT";"PIPELINE_SEGMENT";"BUSINESS_UNIT";"EC_TRAN";"N";"N";"";"1:N";"ATTRIBUTE";"BUSINESS_UNIT_ID";
"BUSINESS_UNIT";"PRICE_INDEX";"BUSINESS_UNIT";"EC_SALE";"N";"N";"";"1:N";"ATTRIBUTE";"BUSINESS_UNIT_ID";
"BUSINESS_UNIT";"PRICE_OBJECT";"BUSINESS_UNIT";"EC_SALE";"N";"N";"";"1:N";"ATTRIBUTE";"BUSINESS_UNIT_ID";
"BUSINESS_UNIT";"TRANSPORT_SYSTEM";"BUSINESS_UNIT";"EC_TRAN";"N";"N";"";"1:N";"ATTRIBUTE";"BUSINESS_UNIT_ID";
"BUSINESS_UNIT";"TRANSPORT_ZONE";"BUSINESS_UNIT";"EC_TRAN";"N";"N";"";"1:N";"ATTRIBUTE";"BUSINESS_UNIT_ID";
"CALCULATION";"CALCULATION";"MAIN_CALCULATION";"EC_FRMW";"N";"N";"";"1:N";"ATTRIBUTE";"MAIN_CALCULATION_ID";
"CALCULATION";"CALC_PROCESS_ELEMENT";"CALCULATION";"EC_FRMW";"N";"N";"";"1:N";"COLUMN";"CALCULATION_ID";
"CALCULATION";"CALC_PROCESS_ELEMENT";"IMPLEMENTING_CALC";"EC_FRMW";"N";"N";"";"1:N";"ATTRIBUTE";"IMPLEMENTING_CALC_ID";
"CALCULATION";"CALC_PROCESS_TRANSITION";"CALCULATION";"EC_FRMW";"N";"N";"";"1:N";"COLUMN";"CALCULATION_ID";
"CALCULATION";"CALC_PROC_ELM_ITERATION";"CALCULATION";"EC_FRMW";"N";"N";"";"1:N";"COLUMN";"CALCULATION_ID";
"CALCULATION";"CONTRACT";"SA_DAY_CALC";"EC_SALE";"N";"N";"";"1:1";"ATTRIBUTE";"SA_DAY_CALC_ID";
"CALCULATION";"CONTRACT";"SA_MTH_CALC";"EC_SALE";"N";"N";"";"1:1";"ATTRIBUTE";"SA_MTH_CALC_ID";
"CALCULATION";"CONTRACT";"SA_YR_CALC";"EC_SALE";"N";"N";"";"1:1";"ATTRIBUTE";"SA_YR_CALC_ID";
"CALCULATION";"LIFTING_ACCOUNT";"BLMR_CALCULATION";"EC_TRAN";"N";"N";"";"1:1";"ATTRIBUTE";"BLMR_CALCULATION_ID";
"CALCULATION";"METER";"CALCULATION";"EC_TRAN";"N";"N";"";"1:1";"ATTRIBUTE";"CALCULATION_ID";
"CALCULATION";"PRICE_OBJECT";"PR_CALC";"EC_SALE";"N";"N";"";"1:N";"ATTRIBUTE";"PR_CALC_ID";
"CALC_CONTEXT";"CALCULATION";"CALC_CONTEXT";"EC_FRMW";"N";"N";"";"1:N";"COLUMN";"CALC_CONTEXT_ID";
"CALC_CONTEXT";"CALC_RULE";"CALC_CONTEXT";"EC_PROD";"N";"N";"";"1:N";"ATTRIBUTE";"CALC_CONTEXT_ID";
"CALC_CONTEXT";"CALC_SET";"CALC_CONTEXT";"EC_FRMW";"N";"N";"";"1:N";"COLUMN";"CALC_CONTEXT_ID";
"CALC_CONTEXT";"CALC_SET_ALL";"CALC_CONTEXT";"EC_FRMW";"N";"N";"";"1:N";"COLUMN";"CALC_CONTEXT_ID";
"CALC_CONTEXT";"CALC_SET_INHERITED";"CALC_CONTEXT";"EC_FRMW";"N";"N";"";"1:N";"COLUMN";"CALC_CONTEXT_ID";
"CALC_CONTEXT";"CALC_VARIABLE_LOCAL";"CALC_CONTEXT";"EC_FRMW";"N";"N";"";"1:N";"COLUMN";"CALC_CONTEXT_ID";
"CALC_CONTEXT";"CALC_VAR_ALL";"CALC_CONTEXT";"EC_FRMW";"N";"N";"";"1:N";"COLUMN";"CALC_CONTEXT_ID";
"CALC_CONTEXT";"CALC_VAR_INHERITED";"CALC_CONTEXT";"EC_FRMW";"N";"N";"";"1:N";"COLUMN";"CALC_CONTEXT_ID";
"CALC_PROCESS_ELEMENT";"CALC_PROCESS_TRANSITION";"FROM_ELEMENT";"EC_FRMW";"N";"N";"";"1:N";"ATTRIBUTE";"FROM_ELEMENT_ID";
"CALC_PROCESS_ELEMENT";"CALC_PROCESS_TRANSITION";"TO_ELEMENT";"EC_FRMW";"N";"N";"";"1:N";"ATTRIBUTE";"TO_ELEMENT_ID";
"CANAL";"PORT";"CANAL";"EC_TRAN";"N";"N";"";"1:N";"ATTRIBUTE";"CANAL_ID";
"CARRIER";"CARGO_INFO";"CARRIER";"EC_TRAN";"N";"N";"";"1:1";"COLUMN";"CARRIER_ID";
"CARRIER";"CARGO_LOAD_INSTRUCTION";"CARRIER";"EC_TRAN";"N";"N";"";"1:1";"COLUMN";"CARRIER_ID";
"CARRIER";"CARGO_NOM_DETAIL";"CARRIER";"EC_TRAN";"N";"N";"";"1:1";"COLUMN";"CARRIER_ID";
"CARRIER";"CARGO_PLANNING_NAVIGATOR";"CARRIER";"EC_TRAN";"N";"N";"";"1:N";"COLUMN";"CARRIER_ID";
"CARRIER";"CARGO_PLANNING_NAV_CNTR";"CARRIER";"EC_TRAN";"N";"N";"";"1:N";"COLUMN";"CARRIER_ID";
"CARRIER";"CARRIER_CONTRACT";"CARRIER";"EC_TRAN";"Y";"N";"";"1:N";"COLUMN";"CARRIER_ID";
"CARRIER";"CONTRACT_CARRIER";"CARRIER";"EC_TRAN";"Y";"N";"";"1:N";"COLUMN";"CARRIER_ID";
"CARRIER";"FCST_CARGO_INFO";"CARRIER";"EC_TRAN";"N";"N";"";"1:1";"COLUMN";"CARRIER_ID";
"CARRIER";"FCST_CARGO_PLAN_NAV";"CARRIER";"EC_TRAN";"N";"N";"";"1:N";"COLUMN";"CARRIER_ID";
"CARRIER";"FCST_CARGO_PLAN_NAV_CNTR";"CARRIER";"EC_TRAN";"N";"N";"";"1:N";"COLUMN";"CARRIER_ID";
"CARRIER";"FCST_STOR_LIFT_NOM";"CARRIER";"EC_TRAN";"N";"N";"";"1:1";"COLUMN";"CARRIER_ID";
"CARRIER";"FCST_STOR_LIFT_NOM_LA";"CARRIER";"EC_TRAN";"N";"N";"";"1:N";"COLUMN";"CARRIER_ID";
"CARRIER";"FCST_STOR_LIFT_NOM_SCHED";"CARRIER";"EC_TRAN";"N";"N";"";"1:N";"COLUMN";"CARRIER_ID";
"CARRIER";"REP_CARGO_TRANSPORT";"CARRIER";"EC_TRAN";"N";"N";"";"1:1";"COLUMN";"CARRIER_ID";
"CARRIER";"STORAGE_LIFT_NOMINATION";"CARRIER";"EC_TRAN";"N";"N";"";"1:1";"COLUMN";"CARRIER_ID";
"CARRIER";"STORAGE_LIFT_NOM_LA";"CARRIER";"EC_TRAN";"N";"N";"";"1:1";"COLUMN";"CARRIER_ID";
"CARRIER";"STORAGE_LIFT_NOM_OVERV";"CARRIER";"EC_TRAN";"N";"N";"";"1:1";"COLUMN";"CARRIER_ID";
"CARRIER";"STORAGE_LIFT_NOM_SCHED";"CARRIER";"EC_TRAN";"N";"N";"";"1:1";"COLUMN";"CARRIER_ID";
"CARRIER";"TERM_OPERATION_NAVIGATOR";"CARRIER";"EC_TRAN";"N";"N";"";"1:N";"COLUMN";"CARRIER_ID";
"CARRIER";"TERM_OPERATION_NAV_CNTR";"CARRIER";"EC_TRAN";"N";"N";"";"1:N";"COLUMN";"CARRIER_ID";
"CARRIER";"TERM_OP_NAVIGATOR_ULD";"CARRIER";"EC_TRAN";"N";"N";"";"1:N";"COLUMN";"CARRIER_ID";
"CARRIER";"TERM_OP_NAV_ULD_CNTR";"CARRIER";"EC_TRAN";"N";"N";"";"1:N";"COLUMN";"CARRIER_ID";
"CHEM_PRODUCT";"CHEM_INJ_POINT";"CHEM_PRODUCT";"EC_PROD";"N";"N";"";"1:N";"ATTRIBUTE";"CHEM_PRODUCT_ID";
"CHOKE";"FLOWLINE";"CHOKE";"EC_PROD";"N";"N";"";"1:N";"ATTRIBUTE";"CHOKE_ID";
"CHOKE";"WELL";"CHOKE";"EC_PROD";"N";"N";"";"1:N";"ATTRIBUTE";"CHOKE_ID";
"CHOKE";"WELL";"GL_CHOKE";"EC_PROD";"N";"N";"";"1:N";"ATTRIBUTE";"GL_CHOKE_ID";
"CHOKE_MODEL";"CHOKE_MODEL";"PARENT_CHOKE_MODEL";"EC_PROD";"N";"N";"";"1:N";"ATTRIBUTE";"PARENT_CHOKE_MODEL_ID";
"COLLECTION_POINT";"CHEM_TANK";"CP_COL_POINT";"EC_PROD";"N";"N";"collection_point";"1:N";"ATTRIBUTE";"CP_COL_POINT_ID";
"COLLECTION_POINT";"CHILLER";"CP_COL_POINT";"EC_PROD";"N";"N";"collection_point";"1:N";"ATTRIBUTE";"CP_COL_POINT_ID";
"COLLECTION_POINT";"CO2_REMOVAL_UNIT";"CP_COL_POINT";"EC_PROD";"N";"N";"collection_point";"1:N";"ATTRIBUTE";"CP_COL_POINT_ID";
"COLLECTION_POINT";"COMPRESSOR";"CP_COL_POINT";"EC_PROD";"N";"N";"collection_point";"1:N";"ATTRIBUTE";"CP_COL_POINT_ID";
"COLLECTION_POINT";"CONDENSATE_SURGE_DRUM";"CP_COL_POINT";"EC_PROD";"N";"N";"collection_point";"1:N";"ATTRIBUTE";"CP_COL_POINT_ID";
"COLLECTION_POINT";"CO_GEN_UNIT";"CP_COL_POINT";"EC_PROD";"N";"N";"collection_point";"1:N";"ATTRIBUTE";"CP_COL_POINT_ID";
"COLLECTION_POINT";"CTRL_SAFETY_SYSTEM";"CP_COL_POINT";"EC_PROD";"N";"N";"collection_point";"1:N";"ATTRIBUTE";"CP_COL_POINT_ID";
"COLLECTION_POINT";"DEHYDRATOR";"CP_COL_POINT";"EC_PROD";"N";"N";"collection_point";"1:N";"ATTRIBUTE";"CP_COL_POINT_ID";
"COLLECTION_POINT";"EMULSIFIER";"CP_COL_POINT";"EC_PROD";"N";"N";"collection_point";"1:N";"ATTRIBUTE";"CP_COL_POINT_ID";
"COLLECTION_POINT";"ENGINE";"CP_COL_POINT";"EC_PROD";"N";"N";"collection_point";"1:N";"ATTRIBUTE";"CP_COL_POINT_ID";
"COLLECTION_POINT";"EQUIPMENT_OTHER";"CP_COL_POINT";"EC_PROD";"N";"N";"collection_point";"1:N";"ATTRIBUTE";"CP_COL_POINT_ID";
"COLLECTION_POINT";"FUEL_SYSTEMS";"CP_COL_POINT";"EC_PROD";"N";"N";"collection_point";"1:N";"ATTRIBUTE";"CP_COL_POINT_ID";
"COLLECTION_POINT";"GAS_PROC_EQPM";"CP_COL_POINT";"EC_PROD";"N";"N";"collection_point";"1:N";"ATTRIBUTE";"CP_COL_POINT_ID";
"COLLECTION_POINT";"GENERATOR";"CP_COL_POINT";"EC_PROD";"N";"N";"collection_point";"1:N";"ATTRIBUTE";"CP_COL_POINT_ID";
"COLLECTION_POINT";"HEATER";"CP_COL_POINT";"EC_PROD";"N";"N";"collection_point";"1:N";"ATTRIBUTE";"CP_COL_POINT_ID";
"COLLECTION_POINT";"INCINERATORS";"CP_COL_POINT";"EC_PROD";"N";"N";"collection_point";"1:N";"ATTRIBUTE";"CP_COL_POINT_ID";
"COLLECTION_POINT";"MERCURY_REMOVAL_UNIT";"CP_COL_POINT";"EC_PROD";"N";"N";"collection_point";"1:N";"ATTRIBUTE";"CP_COL_POINT_ID";
"COLLECTION_POINT";"POWER_DISTRIBUTION_EQPM";"CP_COL_POINT";"EC_PROD";"N";"N";"collection_point";"1:N";"ATTRIBUTE";"CP_COL_POINT_ID";
"COLLECTION_POINT";"PROCESSING_UNIT";"CP_COL_POINT";"EC_PROD";"N";"N";"collection_point";"1:N";"ATTRIBUTE";"CP_COL_POINT_ID";
"COLLECTION_POINT";"PUMP";"CP_COL_POINT";"EC_PROD";"N";"N";"collection_point";"1:N";"ATTRIBUTE";"CP_COL_POINT_ID";
"COLLECTION_POINT";"REBOILER";"CP_COL_POINT";"EC_PROD";"N";"N";"collection_point";"1:N";"ATTRIBUTE";"CP_COL_POINT_ID";
"COLLECTION_POINT";"REVERSE_OSMOSIS_UNIT";"CP_COL_POINT";"EC_PROD";"N";"N";"collection_point";"1:N";"ATTRIBUTE";"CP_COL_POINT_ID";
"COLLECTION_POINT";"SO2_SCRUBBER";"CP_COL_POINT";"EC_PROD";"N";"N";"collection_point";"1:N";"ATTRIBUTE";"CP_COL_POINT_ID";
"COLLECTION_POINT";"SPLITIGATOR";"CP_COL_POINT";"EC_PROD";"N";"N";"collection_point";"1:N";"ATTRIBUTE";"CP_COL_POINT_ID";
"COLLECTION_POINT";"STABILIZER";"CP_COL_POINT";"EC_PROD";"N";"N";"collection_point";"1:N";"ATTRIBUTE";"CP_COL_POINT_ID";
"COLLECTION_POINT";"STEAM_GENERATOR";"CP_COL_POINT";"EC_PROD";"N";"N";"collection_point";"1:N";"ATTRIBUTE";"CP_COL_POINT_ID";
"COLLECTION_POINT";"STREAM";"CP_COL_POINT";"EC_PROD";"N";"N";"collection_point";"1:N";"ATTRIBUTE";"CP_COL_POINT_ID";
"COLLECTION_POINT";"TANK";"CP_COL_POINT";"EC_PROD";"N";"N";"collection_point";"1:N";"ATTRIBUTE";"CP_COL_POINT_ID";
"COLLECTION_POINT";"TEST_DEVICE";"CP_COL_POINT";"EC_PROD";"N";"N";"collection_point";"1:N";"ATTRIBUTE";"CP_COL_POINT_ID";
"COLLECTION_POINT";"UTILITY_EQPM";"CP_COL_POINT";"EC_PROD";"N";"N";"collection_point";"1:N";"ATTRIBUTE";"CP_COL_POINT_ID";
"COLLECTION_POINT";"VAPOUR_RECOVERY_UNIT";"CP_COL_POINT";"EC_PROD";"N";"N";"collection_point";"1:N";"ATTRIBUTE";"CP_COL_POINT_ID";
"COLLECTION_POINT";"WATER_TREATMENT_UNIT";"CP_COL_POINT";"EC_PROD";"N";"N";"collection_point";"1:N";"ATTRIBUTE";"CP_COL_POINT_ID";
"COLLECTION_POINT";"WELL";"CP_COL_POINT";"EC_PROD";"N";"N";"collection_point";"1:N";"ATTRIBUTE";"CP_COL_POINT_ID";
"COMMERCIAL_ENTITY";"FIELD";"COMMERCIAL_ENTITY";"EC_PROD";"N";"N";"";"1:N";"ATTRIBUTE";"COMMERCIAL_ENTITY_ID";
"COMMERCIAL_ENTITY";"PERF_INTERVAL";"COMMERCIAL_ENTITY";"EC_PROD";"N";"N";"";"1:N";"ATTRIBUTE";"COMMERCIAL_ENTITY_ID";
"COMMERCIAL_ENTITY";"PROCESS_TRAIN";"COMMERCIAL_ENTITY";"EC_TRAN";"N";"N";"";"1:N";"ATTRIBUTE";"COMMERCIAL_ENTITY_ID";
"COMMERCIAL_ENTITY";"PWEL_DAY_COENT_ALLOC";"COENT";"EC_PROD";"Y";"N";"";"1:N";"COLUMN";"COMMERCIAL_ENTITY_ID";
"COMMERCIAL_ENTITY";"PWEL_DAY_COENT_DATA";"COENT";"EC_PROD";"Y";"N";"";"1:N";"COLUMN";"COMMERCIAL_ENTITY_ID";
"COMMERCIAL_ENTITY";"RESV_BLOCK_FORMATION";"COMMERCIAL_ENTITY";"EC_PROD";"N";"N";"";"1:1";"ATTRIBUTE";"COMMERCIAL_ENTITY_ID";
"COMMERCIAL_ENTITY";"STRM_DAY_PC_CPY_CE_REAS";"COMMERCIAL_ENTITY";"EC_PROD";"Y";"N";"";"1:N";"COLUMN";"COMMERCIAL_ENTITY_ID";
"COMMERCIAL_ENTITY";"STRM_MTH_CE_CPY_P_ALLOC";"COMMERCIAL_ENTITY";"EC_PROD";"Y";"N";"";"1:N";"COLUMN";"COMMERCIAL_ENTITY_ID";
"COMMERCIAL_ENTITY";"STRM_MTH_CE_P_CP_ALLOC";"COMMERCIAL_ENTITY";"EC_PROD";"Y";"N";"";"1:N";"COLUMN";"COMMERCIAL_ENTITY_ID";
"COMMERCIAL_ENTITY";"STRM_MTH_COENT_CPY_ALLOC";"COMMERCIAL_ENTITY";"EC_PROD";"Y";"N";"";"1:N";"COLUMN";"COMMERCIAL_ENTITY_ID";
"COMMERCIAL_ENTITY";"STRM_MTH_COENT_P_ALLOC";"COMMERCIAL_ENTITY";"EC_PROD";"Y";"N";"";"1:N";"COLUMN";"COMMERCIAL_ENTITY_ID";
"COMMERCIAL_ENTITY";"SUB_FIELD";"COMMERCIAL_ENTITY";"EC_PROD";"N";"N";"";"1:1";"ATTRIBUTE";"COMMERCIAL_ENTITY_ID";
"COMMERCIAL_ENTITY";"WELL";"COMMERCIAL_ENTITY";"EC_PROD";"N";"N";"";"1:N";"ATTRIBUTE";"COMMERCIAL_ENTITY_ID";
"COMPANY";"CAPACITY_BID";"COMPANY";"EC_TRAN";"N";"N";"";"1:N";"COLUMN";"COMPANY_ID";
"COMPANY";"CAPACITY_CNTR_AWARDED";"COMPANY";"EC_TRAN";"N";"N";"";"1:N";"COLUMN";"COMPANY_ID";
"COMPANY";"CAPACITY_REL_PREARRANGE";"COMPANY";"EC_TRAN";"N";"";"";"1:N";"COLUMN";"PRE_COMPANY_ID";
"COMPANY";"CNTR_PC_COMPANY";"COMPANY";"EC_TRAN";"Y";"N";"";"1:1";"COLUMN";"COMPANY_ID";
"COMPANY";"CONTRACT";"COMPANY";"EC_TRAN";"N";"N";"";"1:N";"ATTRIBUTE";"COMPANY_ID";
"COMPANY";"CONTRACT_PARTIES";"COMPANY";"EC_TRAN";"Y";"";"";"1:N";"COLUMN";"COMPANY_ID";
"COMPANY";"CONTRACT_SHIPPER_PAIR";"DOWNSTREAM_SHIPPER";"EC_TRAN";"Y";"N";"";"1:1";"COLUMN";"COMPANY_ID";
"COMPANY";"FCST_DP_DAY_CPY_ALLOC";"COMPANY";"EC_TRAN";"Y";"N";"";"1:N";"COLUMN";"COMPANY_ID";
"COMPANY";"FCST_NOMPNT_DAY_CPY_AL";"COMPANY";"EC_TRAN";"Y";"N";"";"1:N";"COLUMN";"COMPANY_ID";
"COMPANY";"FCST_SCTR_ACC_MTH_CPY_ST";"COMPANY";"EC_SALE";"Y";"";"";"1:1";"COLUMN";"COMPANY_ID";
"COMPANY";"FCST_SCTR_MTH_EXPEND";"COMPANY";"EC_SALE";"N";"";"";"1:N";"COLUMN";"COMPANY_ID";
"COMPANY";"LIFTING_ACCOUNT";"COMPANY";"EC_TRAN";"N";"N";"";"1:1";"COLUMN";"COMPANY_ID";
"COMPANY";"MESSAGE_CONTACT";"COMPANY";"EC_FRMW";"N";"N";"";"1:N";"COLUMN";"COMPANY_ID";
"COMPANY";"METER";"COMPANY";"EC_TRAN";"N";"N";"";"1:N";"ATTRIBUTE";"COMPANY_ID";
"COMPANY";"MMS_LEASE";"COMPANY";"EC_PROD";"N";"N";"";"1:N";"ATTRIBUTE";"COMPANY_ID";
"COMPANY";"MSG_TCTR_SHIPPER_PAIR";"DOWNSTREAM_SHIPPER";"EC_TRAN";"Y";"N";"";"1:1";"COLUMN";"COMPANY_ID";
"COMPANY";"MSG_TCTR_SUB_DAY_DP_SHIP";"DOWNSTREAM_SHIPPER";"EC_TRAN";"Y";"";"";"1:1";"COLUMN";"COMPANY_ID";
"COMPANY";"NOMPNT_PC_COMPANY";"COMPANY";"EC_TRAN";"Y";"N";"";"1:1";"COLUMN";"COMPANY_ID";
"COMPANY";"NOMPNT_PC_CPY_PRIORITY";"COMPANY";"EC_SALE";"Y";"N";"";"1:1";"COLUMN";"COMPANY_ID";
"COMPANY";"REP_STORAGE_LIFT_NOM";"CONSIGNEE";"EC_TRAN";"N";"N";"";"1:1";"COLUMN";"CONSIGNEE_ID";
"COMPANY";"REP_STORAGE_LIFT_NOM";"CONSIGNOR";"EC_TRAN";"N";"N";"";"1:1";"COLUMN";"CONSIGNOR_ID";
"COMPANY";"SCTR_ACC_DAY_CPY_STATUS";"COMPANY";"EC_SALE";"Y";"";"";"1:1";"COLUMN";"COMPANY_ID";
"COMPANY";"SCTR_ACC_DAY_PC_CPY";"COMPANY";"EC_SALE";"Y";"";"";"1:1";"COLUMN";"COMPANY_ID";
"COMPANY";"SCTR_ACC_MTH_CPY_STATUS";"COMPANY";"EC_SALE";"Y";"";"";"1:1";"COLUMN";"COMPANY_ID";
"COMPANY";"SCTR_ACC_MTH_PC_CPY";"COMPANY";"EC_SALE";"Y";"";"";"1:1";"COLUMN";"COMPANY_ID";
"COMPANY";"SCTR_ACC_YR_CPY_STATUS";"COMPANY";"EC_SALE";"Y";"";"";"1:1";"COLUMN";"COMPANY_ID";
"COMPANY";"SCTR_ACC_YR_PC_CPY";"COMPANY";"EC_SALE";"Y";"";"";"1:1";"COLUMN";"COMPANY_ID";
"COMPANY";"SCTR_EXPENDITURE_CODE";"COMPANY";"EC_SALE";"N";"";"";"1:N";"COLUMN";"COMPANY_ID";
"COMPANY";"SCTR_MTH_ADJUSTMENT";"COMPANY";"EC_SALE";"Y";"";"";"1:1";"COLUMN";"COMPANY_ID";
"COMPANY";"SCTR_MTH_EXPENDITURE";"COMPANY";"EC_SALE";"N";"";"";"1:N";"COLUMN";"COMPANY_ID";
"COMPANY";"SCTR_MTH_EXP_FORECAST";"COMPANY";"EC_SALE";"N";"";"";"1:N";"COLUMN";"COMPANY_ID";
"COMPANY";"SCTR_PC_CPY_PRIORITY";"COMPANY";"EC_SALE";"Y";"N";"";"1:1";"COLUMN";"COMPANY_ID";
"COMPANY";"SCTR_WELL_COMPANY";"OWNER";"EC_SALE";"Y";"N";"";"1:1";"COLUMN";"COMPANY_ID";
"COMPANY";"STORAGE_LIFT_NOMINATION";"LIFTER";"EC_TRAN";"N";"N";"";"1:1";"FUNCTION";"ec_lifting_account.company_id(lifting_account_id)";
"COMPANY";"STORAGE_LIFT_NOM_BLMR";"CONSIGNEE";"EC_TRAN";"N";"N";"";"1:N";"COLUMN";"CONSIGNEE_ID";
"COMPANY";"STORAGE_LIFT_NOM_BLMR";"CONSIGNOR";"EC_TRAN";"N";"N";"";"1:N";"COLUMN";"CONSIGNOR_ID";
"COMPANY";"STORAGE_LIFT_NOM_DETAIL";"CONSIGNEE";"EC_TRAN";"N";"N";"";"1:N";"COLUMN";"CONSIGNEE_ID";
"COMPANY";"STORAGE_LIFT_NOM_DETAIL";"CONSIGNOR";"EC_TRAN";"N";"N";"";"1:N";"COLUMN";"CONSIGNOR_ID";
"COMPANY";"STORAGE_LIFT_NOM_LA";"LIFTER";"EC_TRAN";"N";"N";"";"1:1";"FUNCTION";"ec_lifting_account.company_id(lifting_account_id)";
"COMPANY";"STORAGE_LIFT_NOM_OVERV";"CONSIGNEE";"EC_TRAN";"N";"N";"";"1:N";"COLUMN";"CONSIGNEE_ID";
"COMPANY";"STORAGE_LIFT_NOM_OVERV";"CONSIGNOR";"EC_TRAN";"N";"N";"";"1:N";"COLUMN";"CONSIGNOR_ID";
"COMPANY";"STORAGE_LIFT_NOM_OVERV";"LIFTER";"EC_TRAN";"N";"N";"";"1:1";"FUNCTION";"ec_lifting_account.company_id(lifting_account_id)";
"COMPANY";"STORAGE_LIFT_NOM_SCHED";"LIFTER";"EC_TRAN";"N";"N";"";"1:1";"FUNCTION";"ec_lifting_account.company_id(lifting_account_id)";
"COMPANY";"STORAGE_LIFT_NOM_UNLOAD";"CONSIGNEE";"EC_TRAN";"N";"N";"";"1:N";"COLUMN";"CONSIGNEE_ID";
"COMPANY";"STORAGE_LIFT_NOM_UNLOAD";"CONSIGNOR";"EC_TRAN";"N";"N";"";"1:N";"COLUMN";"CONSIGNOR_ID";
"COMPANY";"STORAGE_LOAD_INSTRUCTION";"LIFTER";"EC_TRAN";"N";"N";"";"1:1";"FUNCTION";"ec_lifting_account.company_id(lifting_account_id)";
"COMPANY";"STORAGE_OFFICIAL_RECEIPT";"COMPANY";"EC_TRAN";"Y";"N";"";"1:N";"COLUMN";"COMPANY_ID";
"COMPANY";"STOR_LIFT_NOM_CPY_SPLIT";"COMPANY";"EC_TRAN";"Y";"N";"";"1:N";"COLUMN";"COMPANY_ID";
"COMPANY";"STOR_LIFT_NOM_DOC_RECV";"CONSIGNEE";"EC_TRAN";"N";"N";"";"1:N";"COLUMN";"CONSIGNEE_ID";
"COMPANY";"STOR_LIFT_NOM_DOC_RECV";"CONSIGNOR";"EC_TRAN";"N";"N";"";"1:N";"COLUMN";"CONSIGNOR_ID";
"COMPANY";"STRM_COMPANY_SPLIT";"COMPANY";"EC_PROD";"Y";"N";"";"1:1";"COLUMN";"COMPANY_ID";
"COMPANY";"STRM_COMPANY_SWAP";"COMPANY";"EC_PROD";"Y";"";"";"1:1";"COLUMN";"COMPANY_ID";
"COMPANY";"STRM_DAY_CPY_ALLOC";"COMPANY";"EC_PROD";"Y";"N";"";"1:N";"COLUMN";"COMPANY_ID";
"COMPANY";"STRM_DAY_CPY_CP_ALLOC";"COMPANY";"EC_PROD";"Y";"";"";"1:N";"COLUMN";"COMPANY_ID";
"COMPANY";"STRM_DAY_CPY_STATUS";"COMPANY";"EC_PROD";"Y";"";"";"1:N";"COLUMN";"COMPANY_ID";
"COMPANY";"STRM_DAY_CPY_STATUS_GAS";"COMPANY";"EC_PROD";"Y";"";"";"1:N";"COLUMN";"COMPANY_ID";
"COMPANY";"STRM_DAY_PC_CPY_ALLOC";"COMPANY";"EC_PROD";"Y";"";"";"1:N";"COLUMN";"COMPANY_ID";
"COMPANY";"STRM_DAY_PC_CPY_CE_REAS";"FROM_COMPANY";"EC_PROD";"Y";"N";"";"1:N";"COLUMN";"FROM_COMPANY_ID";
"COMPANY";"STRM_DAY_PC_CPY_CPY_REAS";"FROM_COMPANY";"EC_PROD";"Y";"N";"";"1:N";"COLUMN";"FROM_COMPANY_ID";
"COMPANY";"STRM_DAY_PC_CPY_CPY_REAS";"TO_COMPANY";"EC_PROD";"Y";"N";"";"1:N";"COLUMN";"TO_COMPANY_ID";
"COMPANY";"STRM_DAY_PC_CPY_PC_REAS";"COMPANY";"EC_PROD";"Y";"N";"";"1:N";"COLUMN";"COMPANY_ID";
"COMPANY";"STRM_DAY_PC_CPY_STATUS";"COMPANY";"EC_PROD";"Y";"";"";"1:N";"COLUMN";"COMPANY_ID";
"COMPANY";"STRM_MTH_CE_CPY_P_ALLOC";"COMPANY";"EC_PROD";"Y";"N";"";"1:N";"COLUMN";"COMPANY_ID";
"COMPANY";"STRM_MTH_COENT_CPY_ALLOC";"COMPANY";"EC_PROD";"Y";"N";"";"1:N";"COLUMN";"COMPANY_ID";
"COMPANY";"STRM_MTH_CPY_ALLOC";"COMPANY";"EC_PROD";"Y";"N";"";"1:N";"COLUMN";"COMPANY_ID";
"COMPANY";"STRM_MTH_CPY_CP_ALLOC";"COMPANY";"EC_PROD";"Y";"";"";"1:N";"COLUMN";"COMPANY_ID";
"COMPANY";"STRM_MTH_CPY_P_ALLOC";"COMPANY";"EC_PROD";"Y";"N";"";"1:N";"COLUMN";"COMPANY_ID";
"COMPANY";"STRM_MTH_PC_CPY_ALLOC";"COMPANY";"EC_PROD";"Y";"";"";"1:N";"COLUMN";"COMPANY_ID";
"COMPANY";"STRM_MTH_PC_CPY_STATUS";"COMPANY";"EC_PROD";"Y";"";"";"1:N";"COLUMN";"COMPANY_ID";
"COMPANY";"STRM_SUB_DAY_CPYCP_ALLOC";"COMPANY";"EC_PROD";"Y";"";"";"1:N";"COLUMN";"COMPANY_ID";
"COMPANY";"STRM_SUB_DAY_PCCPY_ALLOC";"COMPANY";"EC_PROD";"Y";"";"";"1:N";"COLUMN";"COMPANY_ID";
"COMPANY";"TCTR_DAY_DP_SHIP_NOM";"DOWNSTREAM_SHIPPER";"EC_TRAN";"Y";"";"";"1:1";"COLUMN";"COMPANY_ID";
"COMPANY";"TCTR_SUB_DAY_DP_SHIP_NOM";"DOWNSTREAM_SHIPPER";"EC_TRAN";"Y";"";"";"1:1";"COLUMN";"COMPANY_ID";
"COMPANY";"TRCN_DAY_NOM_SCH";"COMPANY";"EC_TRAN";"N";"N";"";"1:N";"COLUMN";"COMPANY_ID";
"COMPRESSOR";"WELL";"DEF_COMPRESSOR";"EC_PROD";"N";"N";"";"1:N";"ATTRIBUTE";"DEF_COMPRESSOR_ID";
"CONSTANT_STANDARD";"FLOWLINE";"REF_GAS_CONSTANT_STD";"EC_PROD";"N";"N";"";"1:N";"ATTRIBUTE";"REF_GAS_CONST_STD_ID";
"CONSTANT_STANDARD";"FLOWLINE";"REF_OIL_CONSTANT_STD";"EC_PROD";"N";"N";"";"1:N";"ATTRIBUTE";"REF_OIL_CONST_STD_ID";
"CONSTANT_STANDARD";"STREAM";"REF_GAS_CONSTANT_STD";"EC_PROD";"N";"N";"";"1:N";"ATTRIBUTE";"REF_GAS_CONST_STD_ID";
"CONSTANT_STANDARD";"STREAM";"REF_OIL_CONSTANT_STD";"EC_PROD";"N";"N";"";"1:N";"ATTRIBUTE";"REF_OIL_CONST_STD_ID";
"CONSTANT_STANDARD";"WELL";"REF_GAS_CONSTANT_STD";"EC_PROD";"N";"N";"";"1:N";"ATTRIBUTE";"REF_GAS_CONST_STD_ID";
"CONSTANT_STANDARD";"WELL";"REF_OIL_CONSTANT_STD";"EC_PROD";"N";"N";"";"1:N";"ATTRIBUTE";"REF_OIL_CONST_STD_ID";
"CONTACT_GROUP";"MESSAGE_CONTACT";"CONTACT_GROUP";"EC_FRMW";"N";"N";"";"1:N";"COLUMN";"CONTACT_GROUP_ID";
"CONTACT_GROUP_SET";"CONTACT_GROUP";"CONTACT_GROUP_SET";"EC_FRMW";"N";"N";"";"1:N";"COLUMN";"PARENT_OBJECT_ID";
"CONTRACT";"CAPACITY_BID";"CONTRACT";"EC_TRAN";"N";"N";"";"1:N";"COLUMN";"AWARD_CONTRACT_ID";
"CONTRACT";"CAPACITY_BID";"RELEASE_CONTRACT";"EC_TRAN";"N";"N";"";"1:N";"FUNCTION";"ec_capacity_release.contract_id(RELEASE_NO)";
"CONTRACT";"CAPACITY_RECALL";"CONTRACT";"EC_TRAN";"Y";"N";"";"1:N";"COLUMN";"CONTRACT_ID";
"CONTRACT";"CAPACITY_RELEASE";"CONTRACT";"EC_TRAN";"N";"";"";"1:N";"COLUMN";"CONTRACT_ID";
"CONTRACT";"CAPACITY_RELEASE_RD";"CONTRACT";"EC_TRAN";"N";"";"";"1:N";"COLUMN";"CONTRACT_ID";
"CONTRACT";"CAPACITY_REL_AVAILABLE";"CONTRACT";"EC_TRAN";"N";"N";"";"1:N";"COLUMN";"CONTRACT_ID";
"CONTRACT";"CAPACITY_REL_INTERNAL";"CONTRACT";"EC_TRAN";"N";"N";"";"1:N";"COLUMN";"CONTRACT_ID";
"CONTRACT";"CAPACITY_REL_RCL";"CONTRACT";"EC_TRAN";"N";"";"";"1:N";"COLUMN";"CONTRACT_ID";
"CONTRACT";"CAPACITY_REL_RESULT";"CONTRACT";"EC_TRAN";"N";"N";"";"1:N";"COLUMN";"CONTRACT_ID";
"CONTRACT";"CARGO_PLANNING_NAV_CNTR";"CONTRACT";"EC_TRAN";"N";"N";"";"1:N";"COLUMN";"CONTRACT_ID";
"CONTRACT";"CNTR_BUNDLE_XFER";"COUNTERPARTY_CNTR";"EC_TRAN";"N";"N";"";"1:N";"COLUMN";"COUNTERPARTY_CNTR_ID";
"CONTRACT";"CNTR_PRICE_SUB_DAY_LIST";"CONTRACT";"EC_SALE";"N";"";"";"1:N";"FUNCTION";"ec_product_price.contract_id(PROD_PRICE_SUB_DAY_VALUE.OBJECT_ID)";
"CONTRACT";"CONTRACT";"PARENT_CONTRACT";"EC_TRAN";"N";"N";"";"1:N";"ATTRIBUTE";"PARENT_CONTRACT_ID";
"CONTRACT";"CONTRACT_AREA_SETUP";"CONTRACT";"EC_TRAN";"N";"";"";"1:N";"COLUMN";"CONTRACT_ID";
"CONTRACT";"CONTRACT_CAPACITY";"CONTRACT";"EC_TRAN";"N";"N";"";"1:N";"COLUMN";"CONTRACT_ID";
"CONTRACT";"CONTRACT_CAPACITY_RESULT";"CONTRACT";"EC_TRAN";"N";"N";"";"1:N";"COLUMN";"CONTRACT_ID";
"CONTRACT";"CONTRACT_GROUP_LIST";"ELEMENT";"EC_TRAN";"Y";"N";"";"1:N";"COLUMN";"ELEMENT_ID";
"CONTRACT";"CONTRACT_INVENTORY";"CONTRACT";"EC_TRAN";"N";"N";"";"1:N";"COLUMN";"CONTRACT_ID";
"CONTRACT";"CONTRACT_PREPARE";"REF_CONTRACT";"EC_TRAN";"N";"N";"";"1:N";"COLUMN";"REF_CONTRACT_ID";
"CONTRACT";"CONTRACT_PREPARE_LIST";"REF_CONTRACT";"EC_TRAN";"N";"N";"";"1:N";"COLUMN";"REF_CONTRACT_ID";
"CONTRACT";"FCST_CARGO_PLAN_NAV_CNTR";"CONTRACT";"EC_TRAN";"N";"N";"";"1:N";"COLUMN";"CONTRACT_ID";
"CONTRACT";"FCST_STOR_LIFT_NOM";"CONTRACT";"EC_TRAN";"N";"N";"";"1:1";"COLUMN";"CONTRACT_ID";
"CONTRACT";"LIFTING_ACCOUNT";"CONTRACT";"EC_TRAN";"N";"N";"";"1:1";"ATTRIBUTE";"CONTRACT_ID";
"CONTRACT";"NOMINATION_POINT";"CONTRACT";"EC_TRAN";"N";"N";"";"1:N";"COLUMN";"CONTRACT_ID";
"CONTRACT";"PRICE_OBJECT";"CONTRACT";"EC_SALE";"N";"N";"";"1:N";"COLUMN";"CONTRACT_ID";
"CONTRACT";"REP_STORAGE_LIFT_NOM";"CONTRACT";"EC_TRAN";"N";"N";"";"1:1";"COLUMN";"CONTRACT_ID";
"CONTRACT";"STORAGE_LIFT_NOM_DETAIL";"CONTRACT";"EC_TRAN";"N";"N";"";"1:1";"COLUMN";"CONTRACT_ID";
"CONTRACT";"TCTR_TRADE_CONFIRMATION";"BUYER_CONTRACT";"EC_TRAN";"Y";"";"";"1:1";"COLUMN";"BUYER_CONTRACT_ID";
"CONTRACT";"TERM_OPERATION_NAV_CNTR";"CONTRACT";"EC_TRAN";"N";"N";"";"1:N";"COLUMN";"CONTRACT_ID";
"CONTRACT";"TERM_OP_NAV_ULD_CNTR";"CONTRACT";"EC_TRAN";"N";"N";"";"1:N";"COLUMN";"CONTRACT_ID";
"CONTRACT";"TRNP_DAY_DELIVERY";"CONTRACT";"EC_TRAN";"N";"N";"";"1:N";"FUNCTION";"ec_nomination_point.contract_id(NOMPNT_DAY_DELIVERY.object_id)";
"CONTRACT";"TRNP_DAY_LOC_MATCHING";"CONTRACT";"EC_TRAN";"N";"N";"";"1:N";"COLUMN";"CONTRACT_ID";
"CONTRACT";"TRNP_DAY_NOM_BAL_CNT_IN";"CONTRACT";"EC_TRAN";"N";"N";"";"1:N";"COLUMN";"CONTRACT_ID";
"CONTRACT";"TRNP_DAY_NOM_BAL_CNT_IN2";"CONTRACT";"EC_TRAN";"N";"N";"";"1:N";"COLUMN";"CONTRACT_ID";
"CONTRACT";"TRNP_DAY_NOM_BAL_CNT_OUT";"CONTRACT";"EC_TRAN";"N";"N";"";"1:N";"COLUMN";"CONTRACT_ID";
"CONTRACT";"TRNP_DAY_NOM_BAL_CN_OUT2";"CONTRACT";"EC_TRAN";"N";"N";"";"1:N";"COLUMN";"CONTRACT_ID";
"CONTRACT";"TRNP_DAY_NOM_CONF";"CONTRACT";"EC_TRAN";"N";"N";"";"1:N";"COLUMN";"CONTRACT_ID";
"CONTRACT";"TRNP_DAY_NOM_INPUT";"CONTRACT";"EC_TRAN";"N";"N";"";"1:N";"COLUMN";"CONTRACT_ID";
"CONTRACT";"TRNP_DAY_NOM_LOC_CONF";"CONTRACT";"EC_TRAN";"N";"N";"";"1:N";"COLUMN";"CONTRACT_ID";
"CONTRACT";"TRNP_DAY_NOM_MATCH_CNTLC";"CONTRACT";"EC_TRAN";"N";"N";"";"1:N";"COLUMN";"CONTRACT_ID";
"CONTRACT";"TRNP_DAY_NOM_OPER_CTR";"CONTRACT";"EC_TRAN";"N";"Y";"";"1:N";"COLUMN";"CONTRACT_ID";
"CONTRACT";"TRNP_DAY_NOM_OUTPUT";"CONTRACT";"EC_TRAN";"N";"N";"";"1:N";"COLUMN";"CONTRACT_ID";
"CONTRACT";"TRNP_DAY_NOM_SCH_CNT_IN";"CONTRACT";"EC_TRAN";"N";"N";"";"1:N";"COLUMN";"CONTRACT_ID";
"CONTRACT";"TRNP_DAY_NOM_SCH_CNT_OUT";"CONTRACT";"EC_TRAN";"N";"N";"";"1:N";"COLUMN";"CONTRACT_ID";
"CONTRACT";"TRNP_DAY_NOM_TRANSFER";"CONTRACT";"EC_TRAN";"N";"N";"";"1:N";"COLUMN";"CONTRACT_ID";
"CONTRACT";"TRNP_DAY_NOM_TRANSFER";"COUNTER_CONTRACT";"EC_TRAN";"N";"N";"";"1:1";"FUNCTION";"ec_nomination_point.contract_id(NOMPNT_DAY_TRANSFER.COUNTER_NOMPNT_ID)";
"CONTRACT";"TRNP_DAY_NOM_TRANSFER";"SUPPLIER_CONTRACT";"EC_TRAN";"N";"N";"";"1:1";"FUNCTION";"ec_nomination_point.contract_id(NOMPNT_DAY_TRANSFER.SUPPLIER_NOMPNT_ID)";
"CONTRACT";"TRNP_DAY_NOM_TRANSF_BAL";"CONTRACT";"EC_TRAN";"Y";"N";"";"1:N";"FUNCTION";"ec_nomination_point.contract_id(NOMPNT_DAY_TRANSFER.OBJECT_ID)";
"CONTRACT";"TRNP_DAY_RENOM_LIST";"CONTRACT";"EC_TRAN";"N";"N";"";"1:N";"COLUMN";"CONTRACT_ID";
"CONTRACT";"TRNP_EVENT_SHARE_SPLIT";"CONTRACT";"EC_TRAN";"N";"N";"";"1:N";"FUNCTION";"ec_nomination_point.contract_id(NOMPNT_SHARE_SPLIT.object_id)";
"CONTRACT";"TRNP_FACTOR";"CONTRACT";"EC_TRAN";"N";"N";"";"1:N";"FUNCTION";"ec_nomination_point.contract_id(OBJ_TRAN_EVENT_FACTOR.object_id)";
"CONTRACT";"TRNP_MTH_NOM_BAL_CNT_IN";"CONTRACT";"EC_TRAN";"N";"N";"";"1:N";"COLUMN";"CONTRACT_ID";
"CONTRACT";"TRNP_MTH_NOM_BAL_CN_OUT";"CONTRACT";"EC_TRAN";"N";"N";"";"1:N";"COLUMN";"CONTRACT_ID";
"CONTRACT";"TRNP_MTH_NOM_TRANSF_BAL";"CONTRACT";"EC_TRAN";"Y";"N";"";"1:N";"FUNCTION";"ec_nomination_point.contract_id(NOMPNT_MTH_TRANSFER.OBJECT_ID)";
"CONTRACT";"TRNP_SUB_DAY_DELIVERY";"CONTRACT";"EC_TRAN";"N";"N";"";"1:N";"FUNCTION";"ec_nomination_point.contract_id(NOMPNT_SUB_DAY_DELIVERY.object_id)";
"CONTRACT";"TRNP_SUB_DAY_LOC_CONF";"CONTRACT";"EC_TRAN";"N";"N";"";"1:N";"COLUMN";"CONTRACT_ID";
"CONTRACT";"TRNP_SUB_DAY_LOC_MATCH";"CONTRACT";"EC_TRAN";"N";"N";"";"1:N";"COLUMN";"CONTRACT_ID";
"CONTRACT";"TRNP_SUB_DAY_LOC_NOM";"CONTRACT";"EC_TRAN";"N";"N";"";"1:N";"COLUMN";"CONTRACT_ID";
"CONTRACT";"TRNP_SUB_DAY_NOM_OPER";"CONTRACT";"EC_TRAN";"N";"N";"";"1:N";"COLUMN";"CONTRACT_ID";
"CONTRACT";"TRNP_SUB_DAY_NOM_OUTPUT";"CONTRACT";"EC_TRAN";"N";"N";"";"1:N";"COLUMN";"CONTRACT_ID";
"CONTRACT_AREA";"CONTRACT";"CONTRACT_AREA";"EC_TRAN";"N";"N";"";"1:N";"ATTRIBUTE";"CONTRACT_AREA_ID";
"CONTRACT_AREA";"CONTRACT_AREA_SETUP";"CONTRACT_AREA";"EC_TRAN";"N";"";"";"1:N";"COLUMN";"CONTRACT_AREA_ID";
"CONTRACT_CAPACITY";"CAPACITY_BID_CNTR_CAP";"CONTRACT_CAPACITY";"EC_TRAN";"Y";"";"";"1:N";"COLUMN";"CONTRACT_CAPACITY_ID";
"CONTRACT_CAPACITY";"CAPACITY_BID_CNTR_INTER";"CONTRACT_CAPACITY";"EC_TRAN";"Y";"N";"";"1:N";"COLUMN";"CONTRACT_CAPACITY_ID";
"CONTRACT_CAPACITY";"CAPACITY_BID_DAY_CAP";"CONTRACT_CAPACITY";"EC_TRAN";"Y";"";"";"1:N";"COLUMN";"CONTRACT_CAPACITY_ID";
"CONTRACT_CAPACITY";"CAPACITY_REL_CNTR_CAP";"CONTRACT_CAPACITY";"EC_TRAN";"Y";"";"";"1:N";"COLUMN";"CONTRACT_CAPACITY_ID";
"CONTRACT_INVENTORY";"METER_ALLOC_METHOD_NP";"CONTRACT_INVENTORY";"EC_TRAN";"N";"N";"";"1:1";"COLUMN";"CONTRACT_INVENTORY";
"CONVERSION_GROUP";"STREAM";"CONVERSION_GROUP";"EC_PROD";"N";"N";"";"1:N";"ATTRIBUTE";"CONVERSION_GROUP_ID";
"COUNTRY";"DELIVERY_POINT";"COUNTRY";"EC_TRAN";"N";"N";"";"1:1";"ATTRIBUTE";"COUNTRY_ID";
"COUNTRY";"FIELD";"COUNTRY";"EC_PROD";"N";"N";"";"1:N";"ATTRIBUTE";"COUNTRY_ID";
"COUNTRY";"MESSAGE_CONTACT";"COUNTRY";"EC_FRMW";"N";"N";"";"1:N";"ATTRIBUTE";"COUNTRY_ID";
"COUNTRY";"PORT";"COUNTRY";"EC_TRAN";"N";"N";"";"1:1";"ATTRIBUTE";"COUNTRY_ID";
"COUNTRY";"STATE";"COUNTRY";"EC_FRMW";"N";"N";"";"1:N";"ATTRIBUTE";"COUNTRY_ID";
"COUNTY";"AREA";"COUNTY";"EC_PROD";"N";"N";"";"1:N";"ATTRIBUTE";"COUNTY_ID";
"COUNTY";"COMMERCIAL_ENTITY";"COUNTY";"EC_PROD";"N";"N";"";"1:N";"ATTRIBUTE";"COUNTY_ID";
"COUNTY";"FCTY_CLASS_1";"COUNTY";"EC_PROD";"N";"N";"";"1:N";"ATTRIBUTE";"COUNTY_ID";
"COUNTY";"FCTY_CLASS_2";"COUNTY";"EC_PROD";"N";"N";"";"1:N";"ATTRIBUTE";"COUNTY_ID";
"COUNTY";"FIELD";"COUNTY";"EC_PROD";"N";"N";"";"1:N";"ATTRIBUTE";"COUNTY_ID";
"COUNTY";"PERF_INTERVAL";"COUNTY";"EC_PROD";"N";"N";"";"1:N";"ATTRIBUTE";"COUNTY_ID";
"COUNTY";"PRODUCTIONUNIT";"COUNTY";"EC_PROD";"N";"N";"";"1:N";"ATTRIBUTE";"COUNTY_ID";
"COUNTY";"PROD_SUB_UNIT";"COUNTY";"EC_PROD";"N";"N";"";"1:N";"ATTRIBUTE";"COUNTY_ID";
"COUNTY";"RESV_BLOCK_FORMATION";"COUNTY";"EC_PROD";"N";"N";"";"1:N";"ATTRIBUTE";"COUNTY_ID";
"COUNTY";"SUB_AREA";"COUNTY";"EC_PROD";"N";"N";"";"1:N";"ATTRIBUTE";"COUNTY_ID";
"COUNTY";"WELL";"COUNTY";"EC_PROD";"N";"N";"";"1:N";"ATTRIBUTE";"COUNTY_ID";
"CTRL_SAFETY_SYSTEM";"WELL";"DEF_CTRL_SAFETY_SYSTEM";"EC_PROD";"N";"N";"";"1:N";"ATTRIBUTE";"DEF_CTRL_SAFETY_SYSTEM_ID";
"CURRENCY";"CONTRACT";"BOOKING_CURRENCY";"EC_TRAN";"N";"N";"";"1:N";"ATTRIBUTE";"BOOKING_CURRENCY_ID";
"CURRENCY";"CONTRACT";"MEMO_CURRENCY";"EC_TRAN";"N";"N";"";"1:N";"ATTRIBUTE";"MEMO_CURRENCY_ID";
"CURRENCY";"CONTRACT";"PRICING_CURRENCY";"EC_TRAN";"N";"N";"";"1:N";"ATTRIBUTE";"PRICING_CURRENCY_ID";
"CURRENCY";"EXCHANGE_RATE";"TO_CURRENCY";"EC_SALE";"Y";"N";"";"1:N";"COLUMN";"CURRENCY_ID";
"CURRENCY";"PRICE_INDEX";"CURRENCY";"EC_SALE";"N";"N";"";"1:N";"ATTRIBUTE";"CURRENCY_ID";
"CURRENCY";"PRICE_OBJECT";"CURRENCY";"EC_SALE";"N";"N";"";"1:N";"ATTRIBUTE";"CURRENCY_ID";
"CURRENCY";"SCTR_PRICE_ELEMENT";"CURRENCY";"EC_SALE";"N";"";"";"1:N";"COLUMN";"CURRENCY_ID";
"DELIVERY_POINT";"CNTR_DAY_DEL";"DELIVERY_POINT";"EC_TRAN";"Y";"";"";"1:1";"COLUMN";"DELIVERY_POINT_ID";
"DELIVERY_POINT";"CNTR_DAY_PC_DEL";"DELIVERY_POINT";"EC_TRAN";"Y";"";"";"1:1";"COLUMN";"DELIVERY_POINT_ID";
"DELIVERY_POINT";"CNTR_MTH_DEL";"DELIVERY_POINT";"EC_TRAN";"Y";"N";"";"1:1";"COLUMN";"DELIVERY_POINT_ID";
"DELIVERY_POINT";"CNTR_MTH_PC_DEL";"DELIVERY_POINT";"EC_TRAN";"Y";"";"";"1:1";"COLUMN";"DELIVERY_POINT_ID";
"DELIVERY_POINT";"CNTR_SUB_DAY_DEL";"DELIVERY_POINT";"EC_TRAN";"Y";"N";"";"1:1";"COLUMN";"DELIVERY_POINT_ID";
"DELIVERY_POINT";"CNTR_SUB_DAY_NOM";"DELIVERY_POINT";"EC_TRAN";"Y";"N";"";"1:1";"COLUMN";"DELIVERY_POINT_ID";
"DELIVERY_POINT";"CONTRACT_ACCOUNT";"DELIVERY_POINT";"EC_SALE";"N";"";"";"1:N";"COLUMN";"DELIVERY_POINT_ID";
"DELIVERY_POINT";"CONTRACT_SHIPPER_PAIR";"DELIVERY_POINT";"EC_TRAN";"Y";"N";"";"1:1";"COLUMN";"DELIVERY_POINT_ID";
"DELIVERY_POINT";"DELIVERY_STREAM";"ENTRY_DELPNT";"EC_TRAN";"N";"N";"";"1:N";"COLUMN";"ENTRY_DELPNT_ID";
"DELIVERY_POINT";"DELIVERY_STREAM";"EXIT_DELPNT";"EC_TRAN";"N";"N";"";"1:N";"COLUMN";"EXIT_DELPNT_ID";
"DELIVERY_POINT";"METER";"DELIVERY_POINT";"EC_TRAN";"N";"N";"";"1:N";"ATTRIBUTE";"DELIVERY_POINT_ID";
"DELIVERY_POINT";"MSG_TCTR_SHIPPER_PAIR";"EXIT_DELIVERY_POINT";"EC_TRAN";"Y";"N";"";"1:1";"COLUMN";"DELIVERY_POINT_ID";
"DELIVERY_POINT";"MSG_TCTR_SUB_DAY_DP_SHIP";"EXIT_DELIVERY_POINT";"EC_TRAN";"Y";"";"";"1:1";"COLUMN";"DELIVERY_POINT_ID";
"DELIVERY_POINT";"NOMINATION_POINT";"DELIVERY_POINT";"EC_TRAN";"N";"N";"";"1:N";"COLUMN";"DELIVERY_POINT_ID";
"DELIVERY_POINT";"NOMINATION_POINT_LIST";"DELIVERY_POINT";"EC_TRAN";"N";"N";"";"1:N";"COLUMN";"DELIVERY_POINT_ID";
"DELIVERY_POINT";"PIPELINE_SEGMENT";"FROM_DELPNT";"EC_TRAN";"N";"N";"";"1:N";"ATTRIBUTE";"FROM_DELPNT_ID";
"DELIVERY_POINT";"PIPELINE_SEGMENT";"TO_DELPNT";"EC_TRAN";"N";"N";"";"1:N";"ATTRIBUTE";"TO_DELPNT_ID";
"DELIVERY_POINT";"SCTR_DAY_DEL";"DELIVERY_POINT";"EC_SALE";"Y";"";"";"1:1";"COLUMN";"DELIVERY_POINT_ID";
"DELIVERY_POINT";"SCTR_DAY_FCST";"DELIVERY_POINT";"EC_SALE";"Y";"";"";"1:1";"COLUMN";"DELIVERY_POINT_ID";
"DELIVERY_POINT";"SCTR_DAY_NOM_OVERVIEW";"DELIVERY_POINT";"EC_SALE";"Y";"N";"";"1:1";"COLUMN";"DELIVERY_POINT_ID";
"DELIVERY_POINT";"SCTR_DAY_NOM_TARGET";"DELIVERY_POINT";"EC_SALE";"Y";"";"";"1:N";"COLUMN";"DELIVERY_POINT_ID";
"DELIVERY_POINT";"SCTR_DAY_NOM_WITHIN_TARG";"DELIVERY_POINT";"EC_SALE";"Y";"";"";"1:N";"COLUMN";"DELIVERY_POINT_ID";
"DELIVERY_POINT";"SCTR_DAY_PC_DEL";"DELIVERY_POINT";"EC_SALE";"Y";"";"";"1:1";"COLUMN";"DELIVERY_POINT_ID";
"DELIVERY_POINT";"SCTR_DAY_RENOM";"DELIVERY_POINT";"EC_SALE";"Y";"";"";"1:1";"COLUMN";"DELIVERY_POINT_ID";
"DELIVERY_POINT";"SCTR_DELIVERY_EVENT";"DELIVERY_POINT";"EC_SALE";"Y";"";"";"1:1";"COLUMN";"DELIVERY_POINT_ID";
"DELIVERY_POINT";"SCTR_MTH_DEL";"DELIVERY_POINT";"EC_SALE";"Y";"N";"";"1:1";"COLUMN";"DELIVERY_POINT_ID";
"DELIVERY_POINT";"SCTR_MTH_FORECAST";"DELIVERY_POINT";"EC_SALE";"Y";"";"";"1:1";"COLUMN";"DELIVERY_POINT_ID";
"DELIVERY_POINT";"SCTR_MTH_PC_DEL";"DELIVERY_POINT";"EC_SALE";"Y";"N";"";"1:1";"COLUMN";"DELIVERY_POINT_ID";
"DELIVERY_POINT";"SCTR_SUB_DAY_AVAIL";"DELIVERY_POINT";"EC_SALE";"Y";"N";"";"1:1";"COLUMN";"DELIVERY_POINT_ID";
"DELIVERY_POINT";"SCTR_SUB_DAY_DEL";"DELIVERY_POINT";"EC_SALE";"Y";"N";"";"1:1";"COLUMN";"DELIVERY_POINT_ID";
"DELIVERY_POINT";"TCTR_DAY_DP_IN_NOM";"ENTRY_DELIVERY_POINT";"EC_TRAN";"Y";"";"";"1:1";"COLUMN";"DELIVERY_POINT_ID";
"DELIVERY_POINT";"TCTR_DAY_DP_OUT_NOM";"EXIT_DELIVERY_POINT";"EC_TRAN";"Y";"";"";"1:1";"COLUMN";"DELIVERY_POINT_ID";
"DELIVERY_POINT";"TCTR_DAY_DP_SHIP_NOM";"DELIVERY_POINT";"EC_TRAN";"Y";"";"";"1:1";"COLUMN";"DELIVERY_POINT_ID";
"DELIVERY_POINT";"TCTR_DP_TRADE_REQUEST";"DELIVERY_POINT";"EC_TRAN";"N";"";"";"1:1";"COLUMN";"DELIVERY_POINT_ID";
"DELIVERY_POINT";"TCTR_MTH_DP_TRAN_FACTOR";"ENTRY_DELIVERY_POINT";"EC_TRAN";"Y";"";"";"1:1";"COLUMN";"ENTRY_DELIVERY_POINT_ID";
"DELIVERY_POINT";"TCTR_MTH_DP_TRAN_FACTOR";"EXIT_DELIVERY_POINT";"EC_TRAN";"Y";"";"";"1:1";"COLUMN";"EXIT_DELIVERY_POINT_ID";
"DELIVERY_POINT";"TCTR_SUB_DAY_DP_FORECAST";"DELIVERY_POINT";"EC_TRAN";"Y";"";"";"1:1";"COLUMN";"DELIVERY_POINT_ID";
"DELIVERY_POINT";"TCTR_SUB_DAY_DP_IN_NOM";"ENTRY_DELIVERY_POINT";"EC_TRAN";"Y";"";"";"1:1";"COLUMN";"DELIVERY_POINT_ID";
"DELIVERY_POINT";"TCTR_SUB_DAY_DP_NOM_CALC";"ENTRY_DELIVERY_POINT";"EC_TRAN";"Y";"";"";"1:1";"COLUMN";"DELIVERY_POINT_ID";
"DELIVERY_POINT";"TCTR_SUB_DAY_DP_NOM_EST";"ENTRY_DELIVERY_POINT";"EC_TRAN";"Y";"";"";"1:1";"COLUMN";"DELIVERY_POINT_ID";
"DELIVERY_POINT";"TCTR_SUB_DAY_DP_OUT_NOM";"EXIT_DELIVERY_POINT";"EC_TRAN";"Y";"";"";"1:1";"COLUMN";"DELIVERY_POINT_ID";
"DELIVERY_POINT";"TCTR_SUB_DAY_DP_SHIP_NOM";"DELIVERY_POINT";"EC_TRAN";"Y";"";"";"1:1";"COLUMN";"DELIVERY_POINT_ID";
"DELIVERY_POINT";"TCTR_TRADE_CONFIRMATION";"DELIVERY_POINT";"EC_TRAN";"Y";"";"";"1:1";"COLUMN";"DELIVERY_POINT_ID";
"DELIVERY_POINT";"TRDS_DAY_NOM_TARGET";"DELIVERY_POINT";"EC_TRAN";"N";"N";"";"1:N";"FUNCTION";"nvl(V_DELSTRM_DAY_TARGET.entry_delpnt_id, V_DELSTRM_DAY_TARGET.exit_delpnt_id)";
"DELIVERY_POINT";"TRDS_DAY_NOM_TARGET";"ENTRY_DELIVERY_POINT";"EC_TRAN";"N";"N";"";"1:N";"COLUMN";"ENTRY_DELPNT_ID";
"DELIVERY_POINT";"TRDS_DAY_NOM_TARGET";"EXIT_DELIVERY_POINT";"EC_TRAN";"N";"N";"";"1:N";"COLUMN";"EXIT_DELPNT_ID";
"DELIVERY_STREAM";"METER";"DELIVERY_STREAM";"EC_TRAN";"N";"N";"";"1:N";"ATTRIBUTE";"DELIVERY_STREAM_ID";
"DISPOSITION_TYPE";"PERF_DAY_DISP_ALLOC";"DISPOSITION_TYPE";"EC_PROD";"Y";"";"";"1:N";"COLUMN";"DIM1_KEY";
"DISPOSITION_TYPE";"PERF_DAY_DISP_ALLOC_GAS";"DISPOSITION_TYPE";"EC_PROD";"Y";"";"";"1:N";"COLUMN";"DIM1_KEY";
"DISPOSITION_TYPE";"PERF_DAY_DISP_ALLOC_LIQ";"DISPOSITION_TYPE";"EC_PROD";"Y";"";"";"1:N";"COLUMN";"DIM1_KEY";
"DISPOSITION_TYPE";"PERF_DAY_DISP_CP_ALLOC";"DISPOSITION_TYPE";"EC_PROD";"Y";"";"";"1:N";"COLUMN";"DIM1_KEY";
"DISPOSITION_TYPE";"PERF_MTH_DISP_ALLOC";"DISPOSITION_TYPE";"EC_PROD";"Y";"";"";"1:N";"COLUMN";"DIM1_KEY";
"DISPOSITION_TYPE";"PERF_MTH_DISP_ALLOC_GAS";"DISPOSITION_TYPE";"EC_PROD";"Y";"";"";"1:N";"COLUMN";"DIM1_KEY";
"DISPOSITION_TYPE";"PERF_MTH_DISP_ALLOC_LIQ";"DISPOSITION_TYPE";"EC_PROD";"Y";"";"";"1:N";"COLUMN";"DIM1_KEY";
"DISPOSITION_TYPE";"PERF_MTH_DISP_CP_ALLOC";"DISPOSITION_TYPE";"EC_PROD";"Y";"";"";"1:N";"COLUMN";"DIM1_KEY";
"DISPOSITION_TYPE";"STREAM";"DISPOSITION_TYPE";"EC_PROD";"N";"N";"";"1:N";"ATTRIBUTE";"DISPOSITION_TYPE_ID";
"DISPOSITION_TYPE";"STRM_MTH_DISP_ALLOC";"DISPOSITION_TYPE";"EC_PROD";"Y";"";"";"1:N";"COLUMN";"DIM1_KEY";
"DISPOSITION_TYPE";"STRM_MTH_PC_DISP_ALLOC";"DISPOSITION_TYPE";"EC_PROD";"Y";"";"";"1:N";"COLUMN";"DIM2_KEY";
"DISPOSITION_TYPE";"WELL_DAY_DISP_ALLOC";"DISPOSITION_TYPE";"EC_PROD";"Y";"";"";"1:N";"COLUMN";"DIM1_KEY";
"DISPOSITION_TYPE";"WELL_DAY_DISP_ALLOC_GAS";"DISPOSITION_TYPE";"EC_PROD";"Y";"";"";"1:N";"COLUMN";"DIM1_KEY";
"DISPOSITION_TYPE";"WELL_DAY_DISP_ALLOC_LIQ";"DISPOSITION_TYPE";"EC_PROD";"Y";"";"";"1:N";"COLUMN";"DIM1_KEY";
"DISPOSITION_TYPE";"WELL_DAY_DISP_CP_ALLOC";"DISPOSITION_TYPE";"EC_PROD";"Y";"";"";"1:N";"COLUMN";"DIM1_KEY";
"DISPOSITION_TYPE";"WELL_MTH_DISP_ALLOC";"DISPOSITION_TYPE";"EC_PROD";"Y";"";"";"1:N";"COLUMN";"DIM1_KEY";
"DISPOSITION_TYPE";"WELL_MTH_DISP_ALLOC_GAS";"DISPOSITION_TYPE";"EC_PROD";"Y";"";"";"1:N";"COLUMN";"DIM1_KEY";
"DISPOSITION_TYPE";"WELL_MTH_DISP_ALLOC_LIQ";"DISPOSITION_TYPE";"EC_PROD";"Y";"";"";"1:N";"COLUMN";"DIM1_KEY";
"DISPOSITION_TYPE";"WELL_MTH_DISP_CP_ALLOC";"DISPOSITION_TYPE";"EC_PROD";"Y";"";"";"1:N";"COLUMN";"DIM1_KEY";
"EQUIPMENT_OTHER";"WELL";"DEF_EQPM_OTHER";"EC_PROD";"N";"N";"";"1:N";"ATTRIBUTE";"DEF_EQUIPMENT_ID";
"FCTY_CLASS_1";"CARRIER_PORT_ACC";"OP_FCTY_1";"EC_TRAN";"Y";"N";"";"1:N";"COLUMN";"FCTY_CLASS_1_ID";
"FCTY_CLASS_1";"CHEM_INJ_POINT";"OP_FCTY_1";"EC_PROD";"N";"N";"operational";"1:N";"ATTRIBUTE";"OP_FCTY_CLASS_1_ID";
"FCTY_CLASS_1";"CHEM_TANK";"OP_FCTY_1";"EC_PROD";"N";"N";"operational";"1:N";"ATTRIBUTE";"OP_FCTY_CLASS_1_ID";
"FCTY_CLASS_1";"CHILLER";"DEF_FCTY_1";"EC_PROD";"N";"N";"";"1:N";"ATTRIBUTE";"DEF_FCTY_CLASS_1_ID";
"FCTY_CLASS_1";"CHILLER";"OP_FCTY_1";"EC_PROD";"N";"N";"operational";"1:N";"ATTRIBUTE";"OP_FCTY_CLASS_1_ID";
"FCTY_CLASS_1";"CHOKE_MODEL";"OP_FCTY_1";"EC_PROD";"N";"N";"operational";"1:N";"ATTRIBUTE";"OP_FCTY_CLASS_1_ID";
"FCTY_CLASS_1";"CO2_REMOVAL_UNIT";"DEF_FCTY_1";"EC_PROD";"N";"N";"";"1:N";"ATTRIBUTE";"DEF_FCTY_CLASS_1_ID";
"FCTY_CLASS_1";"CO2_REMOVAL_UNIT";"OP_FCTY_1";"EC_PROD";"N";"N";"operational";"1:N";"ATTRIBUTE";"OP_FCTY_CLASS_1_ID";
"FCTY_CLASS_1";"COMPRESSOR";"DEF_FCTY_1";"EC_PROD";"N";"N";"";"1:N";"ATTRIBUTE";"DEF_FCTY_CLASS_1_ID";
"FCTY_CLASS_1";"COMPRESSOR";"OP_FCTY_1";"EC_PROD";"N";"N";"operational";"1:N";"ATTRIBUTE";"OP_FCTY_CLASS_1_ID";
"FCTY_CLASS_1";"CONDENSATE_SURGE_DRUM";"DEF_FCTY_1";"EC_PROD";"N";"N";"";"1:N";"ATTRIBUTE";"DEF_FCTY_CLASS_1_ID";
"FCTY_CLASS_1";"CONDENSATE_SURGE_DRUM";"OP_FCTY_1";"EC_PROD";"N";"N";"operational";"1:N";"ATTRIBUTE";"OP_FCTY_CLASS_1_ID";
"FCTY_CLASS_1";"CO_GEN_UNIT";"DEF_FCTY_1";"EC_PROD";"N";"N";"";"1:N";"ATTRIBUTE";"DEF_FCTY_CLASS_1_ID";
"FCTY_CLASS_1";"CO_GEN_UNIT";"OP_FCTY_1";"EC_PROD";"N";"N";"operational";"1:N";"ATTRIBUTE";"OP_FCTY_CLASS_1_ID";
"FCTY_CLASS_1";"CTRL_SAFETY_SYSTEM";"DEF_FCTY_1";"EC_PROD";"N";"N";"";"1:N";"ATTRIBUTE";"DEF_FCTY_CLASS_1_ID";
"FCTY_CLASS_1";"CTRL_SAFETY_SYSTEM";"OP_FCTY_1";"EC_PROD";"N";"N";"operational";"1:N";"ATTRIBUTE";"OP_FCTY_CLASS_1_ID";
"FCTY_CLASS_1";"DEHYDRATOR";"DEF_FCTY_1";"EC_PROD";"N";"N";"";"1:N";"ATTRIBUTE";"DEF_FCTY_CLASS_1_ID";
"FCTY_CLASS_1";"DEHYDRATOR";"OP_FCTY_1";"EC_PROD";"N";"N";"operational";"1:N";"ATTRIBUTE";"OP_FCTY_CLASS_1_ID";
"FCTY_CLASS_1";"EMULSIFIER";"DEF_FCTY_1";"EC_PROD";"N";"N";"";"1:N";"ATTRIBUTE";"DEF_FCTY_CLASS_1_ID";
"FCTY_CLASS_1";"EMULSIFIER";"OP_FCTY_1";"EC_PROD";"N";"N";"operational";"1:N";"ATTRIBUTE";"OP_FCTY_CLASS_1_ID";
"FCTY_CLASS_1";"ENGINE";"DEF_FCTY_1";"EC_PROD";"N";"N";"";"1:N";"ATTRIBUTE";"DEF_FCTY_CLASS_1_ID";
"FCTY_CLASS_1";"ENGINE";"OP_FCTY_1";"EC_PROD";"N";"N";"operational";"1:N";"ATTRIBUTE";"OP_FCTY_CLASS_1_ID";
"FCTY_CLASS_1";"EQUIPMENT_OTHER";"DEF_FCTY_1";"EC_PROD";"N";"N";"";"1:N";"ATTRIBUTE";"DEF_FCTY_CLASS_1_ID";
"FCTY_CLASS_1";"EQUIPMENT_OTHER";"OP_FCTY_1";"EC_PROD";"N";"N";"operational";"1:N";"ATTRIBUTE";"OP_FCTY_CLASS_1_ID";
"FCTY_CLASS_1";"FLOWLINE";"DEF_FCTY_1";"EC_PROD";"N";"N";"";"1:N";"ATTRIBUTE";"DEF_FCTY_CLASS_1_ID";
"FCTY_CLASS_1";"FLOWLINE";"OP_FCTY_1";"EC_PROD";"N";"N";"operational";"1:N";"ATTRIBUTE";"OP_FCTY_CLASS_1_ID";
"FCTY_CLASS_1";"FUEL_SYSTEMS";"DEF_FCTY_1";"EC_PROD";"N";"N";"";"1:N";"ATTRIBUTE";"DEF_FCTY_CLASS_1_ID";
"FCTY_CLASS_1";"FUEL_SYSTEMS";"OP_FCTY_1";"EC_PROD";"N";"N";"operational";"1:N";"ATTRIBUTE";"OP_FCTY_CLASS_1_ID";
"FCTY_CLASS_1";"GAS_PROC_EQPM";"DEF_FCTY_1";"EC_PROD";"N";"N";"";"1:N";"ATTRIBUTE";"DEF_FCTY_CLASS_1_ID";
"FCTY_CLASS_1";"GAS_PROC_EQPM";"OP_FCTY_1";"EC_PROD";"N";"N";"operational";"1:N";"ATTRIBUTE";"OP_FCTY_CLASS_1_ID";
"FCTY_CLASS_1";"GENERATOR";"DEF_FCTY_1";"EC_PROD";"N";"N";"";"1:N";"ATTRIBUTE";"DEF_FCTY_CLASS_1_ID";
"FCTY_CLASS_1";"GENERATOR";"OP_FCTY_1";"EC_PROD";"N";"N";"operational";"1:N";"ATTRIBUTE";"OP_FCTY_CLASS_1_ID";
"FCTY_CLASS_1";"HEATER";"DEF_FCTY_1";"EC_PROD";"N";"N";"";"1:N";"ATTRIBUTE";"DEF_FCTY_CLASS_1_ID";
"FCTY_CLASS_1";"HEATER";"OP_FCTY_1";"EC_PROD";"N";"N";"operational";"1:N";"ATTRIBUTE";"OP_FCTY_CLASS_1_ID";
"FCTY_CLASS_1";"INCINERATORS";"DEF_FCTY_1";"EC_PROD";"N";"N";"";"1:N";"ATTRIBUTE";"DEF_FCTY_CLASS_1_ID";
"FCTY_CLASS_1";"INCINERATORS";"OP_FCTY_1";"EC_PROD";"N";"N";"operational";"1:N";"ATTRIBUTE";"OP_FCTY_CLASS_1_ID";
"FCTY_CLASS_1";"MERCURY_REMOVAL_UNIT";"DEF_FCTY_1";"EC_PROD";"N";"N";"";"1:N";"ATTRIBUTE";"DEF_FCTY_CLASS_1_ID";
"FCTY_CLASS_1";"MERCURY_REMOVAL_UNIT";"OP_FCTY_1";"EC_PROD";"N";"N";"operational";"1:N";"ATTRIBUTE";"OP_FCTY_CLASS_1_ID";
"FCTY_CLASS_1";"PIPELINE";"OP_FCTY_1";"EC_PROD";"N";"N";"operational";"1:N";"ATTRIBUTE";"OP_FCTY_CLASS_1_ID";
"FCTY_CLASS_1";"PORT_CARRIER";"OP_FCTY_1";"EC_TRAN";"Y";"N";"";"1:N";"COLUMN";"FCTY_CLASS_1_ID";
"FCTY_CLASS_1";"POWER_DISTRIBUTION_EQPM";"DEF_FCTY_1";"EC_PROD";"N";"N";"";"1:N";"ATTRIBUTE";"DEF_FCTY_CLASS_1_ID";
"FCTY_CLASS_1";"POWER_DISTRIBUTION_EQPM";"OP_FCTY_1";"EC_PROD";"N";"N";"operational";"1:N";"ATTRIBUTE";"OP_FCTY_CLASS_1_ID";
"FCTY_CLASS_1";"PROCESSING_UNIT";"OP_FCTY_1";"EC_PROD";"N";"N";"operational";"1:N";"ATTRIBUTE";"OP_FCTY_CLASS_1_ID";
"FCTY_CLASS_1";"PROCESS_TRAIN";"FCTY_CLASS_1";"EC_PROD";"N";"N";"";"1:N";"COLUMN";"PROD_FCTY_ID ";
"FCTY_CLASS_1";"PRODSEPARATOR";"OP_FCTY_1";"EC_PROD";"N";"N";"operational";"1:N";"ATTRIBUTE";"OP_FCTY_CLASS_1_ID";
"FCTY_CLASS_1";"PUMP";"DEF_FCTY_1";"EC_PROD";"N";"N";"";"1:N";"ATTRIBUTE";"DEF_FCTY_CLASS_1_ID";
"FCTY_CLASS_1";"PUMP";"OP_FCTY_1";"EC_PROD";"N";"N";"operational";"1:N";"ATTRIBUTE";"OP_FCTY_CLASS_1_ID";
"FCTY_CLASS_1";"REBOILER";"DEF_FCTY_1";"EC_PROD";"N";"N";"";"1:N";"ATTRIBUTE";"DEF_FCTY_CLASS_1_ID";
"FCTY_CLASS_1";"REBOILER";"OP_FCTY_1";"EC_PROD";"N";"N";"operational";"1:N";"ATTRIBUTE";"OP_FCTY_CLASS_1_ID";
"FCTY_CLASS_1";"REVERSE_OSMOSIS_UNIT";"DEF_FCTY_1";"EC_PROD";"N";"N";"";"1:N";"ATTRIBUTE";"DEF_FCTY_CLASS_1_ID";
"FCTY_CLASS_1";"REVERSE_OSMOSIS_UNIT";"OP_FCTY_1";"EC_PROD";"N";"N";"operational";"1:N";"ATTRIBUTE";"OP_FCTY_CLASS_1_ID";
"FCTY_CLASS_1";"SHIFT";"OP_FCTY_1";"EC_PROD";"N";"N";"operational";"1:N";"ATTRIBUTE";"OP_FCTY_CLASS_1_ID";
"FCTY_CLASS_1";"SO2_SCRUBBER";"DEF_FCTY_1";"EC_PROD";"N";"N";"";"1:N";"ATTRIBUTE";"DEF_FCTY_CLASS_1_ID";
"FCTY_CLASS_1";"SO2_SCRUBBER";"OP_FCTY_1";"EC_PROD";"N";"N";"operational";"1:N";"ATTRIBUTE";"OP_FCTY_CLASS_1_ID";
"FCTY_CLASS_1";"SPLITIGATOR";"DEF_FCTY_1";"EC_PROD";"N";"N";"";"1:N";"ATTRIBUTE";"DEF_FCTY_CLASS_1_ID";
"FCTY_CLASS_1";"SPLITIGATOR";"OP_FCTY_1";"EC_PROD";"N";"N";"operational";"1:N";"ATTRIBUTE";"OP_FCTY_CLASS_1_ID";
"FCTY_CLASS_1";"STABILIZER";"DEF_FCTY_1";"EC_PROD";"N";"N";"";"1:N";"ATTRIBUTE";"DEF_FCTY_CLASS_1_ID";
"FCTY_CLASS_1";"STABILIZER";"OP_FCTY_1";"EC_PROD";"N";"N";"operational";"1:N";"ATTRIBUTE";"OP_FCTY_CLASS_1_ID";
"FCTY_CLASS_1";"STEAM_GENERATOR";"DEF_FCTY_1";"EC_PROD";"N";"N";"";"1:N";"ATTRIBUTE";"DEF_FCTY_CLASS_1_ID";
"FCTY_CLASS_1";"STEAM_GENERATOR";"OP_FCTY_1";"EC_PROD";"N";"N";"operational";"1:N";"ATTRIBUTE";"OP_FCTY_CLASS_1_ID";
"FCTY_CLASS_1";"STORAGE";"OP_FCTY_1";"EC_PROD";"N";"N";"operational";"1:N";"ATTRIBUTE";"OP_FCTY_CLASS_1_ID";
"FCTY_CLASS_1";"STREAM";"OP_FCTY_1";"EC_PROD";"N";"N";"operational";"1:N";"ATTRIBUTE";"OP_FCTY_CLASS_1_ID";
"FCTY_CLASS_1";"TANK";"OP_FCTY_1";"EC_PROD";"N";"N";"operational";"1:N";"ATTRIBUTE";"OP_FCTY_CLASS_1_ID";
"FCTY_CLASS_1";"TESTSEPARATOR";"OP_FCTY_1";"EC_PROD";"N";"N";"operational";"1:N";"ATTRIBUTE";"OP_FCTY_CLASS_1_ID";
"FCTY_CLASS_1";"TEST_DEVICE";"OP_FCTY_1";"EC_PROD";"N";"N";"operational";"1:N";"ATTRIBUTE";"OP_FCTY_CLASS_1_ID";
"FCTY_CLASS_1";"UTILITY_EQPM";"DEF_FCTY_1";"EC_PROD";"N";"N";"";"1:N";"ATTRIBUTE";"DEF_FCTY_CLASS_1_ID";
"FCTY_CLASS_1";"UTILITY_EQPM";"OP_FCTY_1";"EC_PROD";"N";"N";"operational";"1:N";"ATTRIBUTE";"OP_FCTY_CLASS_1_ID";
"FCTY_CLASS_1";"VAPOUR_RECOVERY_UNIT";"DEF_FCTY_1";"EC_PROD";"N";"N";"";"1:N";"ATTRIBUTE";"DEF_FCTY_CLASS_1_ID";
"FCTY_CLASS_1";"VAPOUR_RECOVERY_UNIT";"OP_FCTY_1";"EC_PROD";"N";"N";"operational";"1:N";"ATTRIBUTE";"OP_FCTY_CLASS_1_ID";
"FCTY_CLASS_1";"WATER_TREATMENT_UNIT";"DEF_FCTY_1";"EC_PROD";"N";"N";"";"1:N";"ATTRIBUTE";"DEF_FCTY_CLASS_1_ID";
"FCTY_CLASS_1";"WATER_TREATMENT_UNIT";"OP_FCTY_1";"EC_PROD";"N";"N";"operational";"1:N";"ATTRIBUTE";"OP_FCTY_CLASS_1_ID";
"FCTY_CLASS_1";"WELL";"DEF_FCTY_1";"EC_PROD";"N";"N";"";"1:N";"ATTRIBUTE";"DEF_FCTY_CLASS_1_ID";
"FCTY_CLASS_1";"WELL";"OP_FCTY_1";"EC_PROD";"N";"N";"operational";"1:N";"ATTRIBUTE";"OP_FCTY_CLASS_1_ID";
"FCTY_CLASS_1";"WELL_HOLE";"OP_FCTY_1";"EC_PROD";"N";"N";"operational";"1:N";"ATTRIBUTE";"OP_FCTY_CLASS_1_ID";
"FCTY_CLASS_1";"WELL_HOOKUP";"OP_FCTY_1";"EC_PROD";"N";"N";"operational";"1:N";"ATTRIBUTE";"OP_FCTY_CLASS_1_ID";
"FCTY_CLASS_2";"FCTY_CLASS_1";"OP_FCTY_CLASS_2";"EC_PROD";"N";"N";"operational";"1:N";"ATTRIBUTE";"OP_FCTY_CLASS_2_ID";
"FIELD";"CHOKE_MODEL";"GEO_FIELD";"EC_PROD";"N";"N";"geographical";"1:N";"ATTRIBUTE";"GEO_FIELD_ID";
"FIELD";"COMMERCIAL_ENTITY";"FIELD";"EC_PROD";"N";"N";"";"1:1";"ATTRIBUTE";"FIELD_ID";
"FIELD";"WELL";"GEO_FIELD";"EC_PROD";"N";"N";"geographical";"1:N";"ATTRIBUTE";"GEO_FIELD_ID";
"FLOWLINE";"WELL";"DEF_FLOWLINE";"EC_PROD";"N";"N";"";"1:N";"ATTRIBUTE";"DEF_FLOWLINE_ID";
"FORECAST_SALE_PR";"FCST_CNTR_PRICE_LIST";"FORECAST";"EC_SALE";"Y";"N";"";"1:N";"COLUMN";"FORECAST_ID";
"FORECAST_SALE_PR";"FCST_PRICE_INDEX_MTH";"FORECAST";"EC_SALE";"Y";"";"";"1:N";"COLUMN";"FORECAST_ID";
"FORECAST_SALE_SA";"FCST_SCTR_ACC_MTH_CPY_ST";"FORECAST";"EC_SALE";"Y";"";"";"1:1";"COLUMN";"FORECAST_ID";
"FORECAST_SALE_SA";"FCST_SCTR_ACC_MTH_STATUS";"FORECAST";"EC_SALE";"Y";"";"";"1:N";"COLUMN";"FORECAST_ID";
"FORECAST_SALE_SA";"FCST_SCTR_MTH_EXPEND";"FORECAST";"EC_SALE";"Y";"";"";"1:1";"COLUMN";"FORECAST_ID";
"FORECAST_SALE_SD";"FCST_NOMPNT_MTH_STATUS";"FORECAST";"EC_SALE";"Y";"";"";"1:1";"COLUMN";"FORECAST_ID";
"FORECAST_TRAN_CP";"FCST_CARGO_INFO";"FORECAST";"EC_TRAN";"Y";"";"";"1:N";"COLUMN";"FORECAST_ID";
"FORECAST_TRAN_CP";"FCST_DAY_ENT_LIFT_ACC";"FORECAST";"EC_TRAN";"Y";"N";"";"1:N";"COLUMN";"FORECAST_ID";
"FORECAST_TRAN_CP";"FCST_LIFT_ACC_ADJ";"FORECAST";"EC_TRAN";"Y";"";"";"1:1";"COLUMN";"FORECAST_ID";
"FORECAST_TRAN_CP";"FCST_LIFT_ACC_ADJ_SINGLE";"FORECAST";"EC_TRAN";"Y";"";"";"1:1";"COLUMN";"FORECAST_ID";
"FORECAST_TRAN_CP";"FCST_LIFT_ACC_DAY_ENT";"FORECAST";"EC_TRAN";"Y";"N";"";"1:N";"COLUMN";"FORECAST_ID";
"FORECAST_TRAN_CP";"FCST_LIFT_ACC_DAY_FCAST";"FORECAST";"EC_TRAN";"Y";"N";"";"1:N";"COLUMN";"FORECAST_ID";
"FORECAST_TRAN_CP";"FCST_LIFT_ACC_DAY_GRAPH";"FORECAST";"EC_TRAN";"Y";"N";"";"1:N";"COLUMN";"FORECAST_ID";
"FORECAST_TRAN_CP";"FCST_LIFT_ACC_INIT";"FORECAST";"EC_TRAN";"Y";"N";"";"1:N";"COLUMN";"FORECAST_ID";
"FORECAST_TRAN_CP";"FCST_LIFT_ACC_MTH_BAL";"FORECAST";"EC_TRAN";"Y";"N";"";"1:N";"COLUMN";"FORECAST_ID";
"FORECAST_TRAN_CP";"FCST_STOR_DAY_ENT";"FORECAST";"EC_TRAN";"Y";"N";"";"1:N";"COLUMN";"FORECAST_ID";
"FORECAST_TRAN_CP";"FCST_STOR_DAY_ENT_LA";"FORECAST";"EC_TRAN";"Y";"N";"";"1:N";"COLUMN";"FORECAST_ID";
"FORECAST_TRAN_CP";"FCST_STOR_DAY_FORECAST";"FORECAST";"EC_TRAN";"Y";"N";"";"1:N";"COLUMN";"FORECAST_ID";
"FORECAST_TRAN_CP";"FCST_STOR_DAY_PC_FCAST";"FORECAST";"EC_TRAN";"Y";"N";"";"1:N";"COLUMN";"FORECAST_ID";
"FORECAST_TRAN_CP";"FCST_STOR_LIFT_NOM";"FORECAST";"EC_TRAN";"Y";"N";"";"1:N";"COLUMN";"FORECAST_ID";
"FORECAST_TRAN_CP";"FCST_STOR_LIFT_NOM_ALLOC";"FORECAST";"EC_TRAN";"Y";"N";"";"1:N";"COLUMN";"FORECAST_ID";
"FORECAST_TRAN_CP";"FCST_STOR_LIFT_NOM_INFO";"FORECAST";"EC_TRAN";"Y";"N";"";"1:N";"COLUMN";"FORECAST_ID";
"FORECAST_TRAN_CP";"FCST_STOR_LIFT_NOM_LA";"FORECAST";"EC_TRAN";"Y";"N";"";"1:N";"COLUMN";"FORECAST_ID";
"FORECAST_TRAN_CP";"FCST_STOR_LIFT_NOM_SCHED";"FORECAST";"EC_TRAN";"Y";"N";"";"1:N";"COLUMN";"FORECAST_ID";
"FORECAST_TRAN_CP";"FCST_STOR_MTH_FCST_BAL";"FORECAST";"EC_TRAN";"Y";"N";"";"1:N";"COLUMN";"FORECAST_ID";
"FORECAST_TRAN_CP";"FCST_STOR_MTH_FCST_SUM";"FORECAST";"EC_TRAN";"Y";"N";"";"1:N";"COLUMN";"FORECAST_ID";
"FORECAST_TRAN_CP";"FCST_STOR_MTH_PC_FCAST";"FORECAST";"EC_TRAN";"Y";"N";"";"1:N";"COLUMN";"FORECAST_ID";
"FORECAST_TRAN_CP";"FCST_TRAIN_INLET_GAS";"FORECAST";"EC_TRAN";"Y";"N";"";"1:N";"COLUMN";"FORECAST_ID";
"FORECAST_TRAN_CP";"FCST_TRAIN_STORAGE_YIELD";"FORECAST";"EC_TRAN";"Y";"N";"";"1:N";"COLUMN";"FORECAST_ID";
"FOREX_SOURCE";"EXCHANGE_RATE";"FOREX_SOURCE";"EC_SALE";"Y";"N";"";"1:N";"COLUMN";"FOREX_SOURCE_ID";
"FUNCTIONAL_AREA";"CONTACT_GROUP_SET";"FUNCTIONAL_AREA";"EC_FRMW";"N";"N";"";"1:N";"COLUMN";"PARENT_OBJECT_ID";
"FUNCTIONAL_AREA";"MESSAGE_CONTACT";"FUNCTIONAL_AREA";"EC_FRMW";"N";"N";"";"1:N";"ATTRIBUTE";"FUNCTIONAL_AREA_ID";
"FUNCTIONAL_AREA";"MESSAGE_DEFINITION";"FUNCTIONAL_AREA";"EC_FRMW";"N";"N";"";"1:N";"ATTRIBUTE";"FUNCTIONAL_AREA_ID";
"FUNCTIONAL_AREA";"REPORT_ADM_PUB";"FUNCTIONAL_AREA";"EC_FRMW";"N";"N";"";"1:N";"COLUMN";"FUNCTIONAL_AREA_ID";
"FUNCTIONAL_AREA";"REPORT_PUBLISHED";"FUNCTIONAL_AREA";"EC_FRMW";"N";"N";"";"1:N";"COLUMN";"FUNCTIONAL_AREA_ID";
"FUNCTIONAL_AREA";"REPORT_PUBLISHED_RO";"FUNCTIONAL_AREA";"EC_FRMW";"N";"N";"";"1:N";"COLUMN";"FUNCTIONAL_AREA_ID";
"GAS_PROC_EQPM";"WELL";"DEF_GAS_PROC";"EC_PROD";"N";"N";"";"1:N";"ATTRIBUTE";"DEF_GAS_PROC_ID";
"LICENCE";"COMMERCIAL_ENTITY";"LICENCE";"EC_PROD";"N";"N";"";"1:1";"ATTRIBUTE";"LICENCE_ID";
"LIFTING_ACCOUNT";"CARGO_PLANNING_NAV_CNTR";"LIFTING_ACCOUNT";"EC_TRAN";"N";"N";"";"1:N";"COLUMN";"LIFTING_ACCOUNT_ID";
"LIFTING_ACCOUNT";"CNTR_LIFT_ACC_CONN";"LIFT_ACC";"EC_TRAN";"Y";"N";"";"1:1";"COLUMN";"LIFT_ACC_ID";
"LIFTING_ACCOUNT";"CNTR_LIFT_ACC_SHARE";"LIFTING_ACCOUNT";"EC_TRAN";"Y";"N";"";"1:N";"COLUMN";"LIFTING_ACCOUNT_ID";
"LIFTING_ACCOUNT";"FCST_CARGO_PLAN_NAV_CNTR";"LIFTING_ACCOUNT";"EC_TRAN";"N";"N";"";"1:N";"COLUMN";"LIFTING_ACCOUNT_ID";
"LIFTING_ACCOUNT";"FCST_LIFT_ACC_ADJ";"TO_LIFTING_ACCOUNT";"EC_TRAN";"Y";"";"";"1:1";"COLUMN";"TO_OBJECT_ID";
"LIFTING_ACCOUNT";"FCST_LIFT_ACC_DAY_ENT";"LIFTING_ACCOUNT";"EC_TRAN";"Y";"N";"";"1:N";"COLUMN";"LIFTING_ACCOUNT_ID";
"LIFTING_ACCOUNT";"FCST_STOR_LIFT_NOM";"LIFTING_ACCOUNT";"EC_TRAN";"N";"N";"";"1:1";"COLUMN";"LIFTING_ACCOUNT_ID";
"LIFTING_ACCOUNT";"FCST_STOR_LIFT_NOM_ALLOC";"LIFTING_ACCOUNT";"EC_TRAN";"Y";"N";"";"1:N";"COLUMN";"LIFTING_ACCOUNT_ID";
"LIFTING_ACCOUNT";"FCST_STOR_LIFT_NOM_INFO";"LIFTING_ACCOUNT";"EC_TRAN";"N";"N";"";"1:N";"COLUMN";"LIFTING_ACCOUNT_ID";
"LIFTING_ACCOUNT";"FCST_STOR_LIFT_NOM_LA";"LIFTING_ACCOUNT";"EC_TRAN";"N";"N";"";"1:N";"COLUMN";"LIFTING_ACCOUNT_ID";
"LIFTING_ACCOUNT";"FCST_STOR_LIFT_NOM_SCHED";"LIFTING_ACCOUNT";"EC_TRAN";"N";"N";"";"1:N";"COLUMN";"LIFTING_ACCOUNT_ID";
"LIFTING_ACCOUNT";"LIFT_ACCOUNT_ADJUSTMENT";"TO_LIFTING_ACCOUNT";"EC_TRAN";"Y";"N";"";"1:1";"COLUMN";"TO_OBJECT_ID";
"LIFTING_ACCOUNT";"LIFT_ACC_DAY_ENTITLEMENT";"LIFTING_ACCOUNT";"EC_TRAN";"Y";"N";"";"1:1";"COLUMN";"LIFTING_ACCOUNT_ID";
"LIFTING_ACCOUNT";"REP_STORAGE_LIFT_NOM";"LIFTING_ACCOUNT";"EC_TRAN";"N";"N";"";"1:1";"COLUMN";"LIFTING_ACCOUNT_ID";
"LIFTING_ACCOUNT";"STORAGE_LIFT_NOMINATION";"LIFTING_ACCOUNT";"EC_TRAN";"N";"N";"";"1:1";"COLUMN";"LIFTING_ACCOUNT_ID";
"LIFTING_ACCOUNT";"STORAGE_LIFT_NOM_ALLOC";"LIFTING_ACCOUNT";"EC_TRAN";"Y";"N";"";"1:1";"COLUMN";"LIFTING_ACCOUNT_ID";
"LIFTING_ACCOUNT";"STORAGE_LIFT_NOM_BLMR";"LIFTING_ACCOUNT";"EC_TRAN";"N";"N";"";"1:N";"COLUMN";"LIFTING_ACCOUNT_ID";
"LIFTING_ACCOUNT";"STORAGE_LIFT_NOM_INFO";"LIFTING_ACCOUNT";"EC_TRAN";"N";"N";"";"1:1";"COLUMN";"LIFTING_ACCOUNT_ID";
"LIFTING_ACCOUNT";"STORAGE_LIFT_NOM_LA";"LIFTING_ACCOUNT";"EC_TRAN";"N";"N";"";"1:1";"COLUMN";"LIFTING_ACCOUNT_ID";
"LIFTING_ACCOUNT";"STORAGE_LIFT_NOM_OVERV";"LIFTING_ACCOUNT";"EC_TRAN";"N";"N";"";"1:1";"COLUMN";"LIFTING_ACCOUNT_ID";
"LIFTING_ACCOUNT";"STORAGE_LIFT_NOM_SCHED";"LIFTING_ACCOUNT";"EC_TRAN";"N";"N";"";"1:1";"COLUMN";"LIFTING_ACCOUNT_ID";
"LIFTING_ACCOUNT";"STORAGE_LIFT_NOM_SPLIT";"LIFTING_ACCOUNT";"EC_TRAN";"Y";"N";"";"1:1";"COLUMN";"LIFTING_ACCOUNT_ID";
"LIFTING_ACCOUNT";"STORAGE_LIFT_NOM_UNLOAD";"LIFTING_ACCOUNT";"EC_TRAN";"N";"N";"";"1:N";"COLUMN";"LIFTING_ACCOUNT_ID";
"LIFTING_ACCOUNT";"STORAGE_LOAD_INSTRUCTION";"LIFTING_ACCOUNT";"EC_TRAN";"N";"N";"";"1:1";"COLUMN";"LIFTING_ACCOUNT_ID";
"LIFTING_ACCOUNT";"STOR_LIFT_NOM_CPY_SPLIT";"LIFTING_ACCOUNT";"EC_TRAN";"Y";"N";"";"1:N";"COLUMN";"LIFTING_ACCOUNT_ID";
"LIFTING_ACCOUNT";"STOR_LIFT_NOM_DOC_RECV";"LIFTING_ACCOUNT";"EC_TRAN";"N";"";"";"1:1";"COLUMN";"LIFTING_ACCOUNT_ID";
"LIFTING_ACCOUNT";"STOR_LIFT_NOM_LIGHT";"LIFTING_ACCOUNT";"EC_TRAN";"N";"N";"";"1:1";"COLUMN";"LIFTING_ACCOUNT_ID";
"LIFTING_ACCOUNT";"TERM_OPERATION_NAV_CNTR";"LIFTING_ACCOUNT";"EC_TRAN";"N";"N";"";"1:N";"COLUMN";"LIFTING_ACCOUNT_ID";
"LIFTING_ACCOUNT";"TERM_OP_NAV_ULD_CNTR";"LIFTING_ACCOUNT";"EC_TRAN";"N";"N";"";"1:N";"COLUMN";"LIFTING_ACCOUNT_ID";
"MESSAGE_CONTACT";"CAPACITY_BID_CONTACT";"MESSAGE_CONTACT";"EC_TRAN";"N";"";"";"1:N";"COLUMN";"MESSAGE_CONTACT_ID";
"MESSAGE_CONTACT";"CAPACITY_REL_CONTACT";"MESSAGE_CONTACT";"EC_TRAN";"N";"";"";"1:N";"COLUMN";"MESSAGE_CONTACT_ID";
"MESSAGE_CONTACT";"CAPACITY_REL_CONTACT_RD";"MESSAGE_CONTACT";"EC_TRAN";"N";"N";"";"1:N";"COLUMN";"MESSAGE_CONTACT_ID";
"MESSAGE_CONTACT";"MESSAGE_DEFINITION";"COMPANY_CONTACT";"EC_FRMW";"N";"N";"";"1:N";"ATTRIBUTE";"COMPANY_CONTACT_ID";
"MESSAGE_CONTACT";"MESSAGE_WORKFLOW_ALERT";"RECEIVER";"EC_FRMW";"N";"N";"";"1:1";"COLUMN";"RECEIVER_ID";
"MESSAGE_CONTACT";"MESSAGE_WORKFLOW_ALERT";"SENDER";"EC_FRMW";"N";"N";"";"1:1";"COLUMN";"SENDER_ID";
"MMS_LEASE";"WELL";"MMS_LEASE";"EC_PROD";"N";"N";"";"1:N";"ATTRIBUTE";"MMS_LEASE_ID";
"NOMINATION_LOCATION";"CAPACITY_REL_LOC_RD";"LOCATION";"EC_TRAN";"N";"N";"";"1:N";"COLUMN";"LOCATION_ID";
"NOMINATION_LOCATION";"NOMINATION_POINT";"ENTRY_LOCATION";"EC_TRAN";"N";"N";"";"1:N";"COLUMN";"ENTRY_LOCATION_ID";
"NOMINATION_LOCATION";"NOMINATION_POINT";"EXIT_LOCATION";"EC_TRAN";"N";"N";"";"1:N";"COLUMN";"EXIT_LOCATION_ID";
"NOMINATION_LOCATION";"TRNP_DAY_NOM_BAL_CNT_IN";"ENTRY_LOCATION";"EC_TRAN";"N";"N";"";"1:N";"COLUMN";"ENTRY_LOCATION_ID";
"NOMINATION_LOCATION";"TRNP_DAY_NOM_BAL_CNT_IN2";"ENTRY_LOCATION";"EC_TRAN";"N";"N";"";"1:N";"COLUMN";"ENTRY_LOCATION_ID";
"NOMINATION_LOCATION";"TRNP_DAY_NOM_BAL_CNT_OUT";"EXIT_LOCATION";"EC_TRAN";"N";"N";"";"1:N";"COLUMN";"EXIT_LOCATION_ID";
"NOMINATION_LOCATION";"TRNP_DAY_NOM_BAL_CN_OUT2";"EXIT_LOCATION";"EC_TRAN";"N";"N";"";"1:N";"COLUMN";"EXIT_LOCATION_ID";
"NOMINATION_LOCATION";"TRNP_DAY_NOM_CONF";"ENTRY_LOCATION";"EC_TRAN";"N";"N";"";"1:N";"COLUMN";"ENTRY_LOCATION_ID";
"NOMINATION_LOCATION";"TRNP_DAY_NOM_CONF";"EXIT_LOCATION";"EC_TRAN";"N";"N";"";"1:N";"COLUMN";"EXIT_LOCATION_ID";
"NOMINATION_LOCATION";"TRNP_DAY_NOM_INPUT";"ENTRY_LOCATION";"EC_TRAN";"N";"N";"";"1:N";"COLUMN";"ENTRY_LOCATION_ID";
"NOMINATION_LOCATION";"TRNP_DAY_NOM_LOC_CONF";"ENTRY_LOCATION";"EC_TRAN";"N";"N";"";"1:N";"COLUMN";"ENTRY_LOCATION_ID";
"NOMINATION_LOCATION";"TRNP_DAY_NOM_LOC_CONF";"EXIT_LOCATION";"EC_TRAN";"N";"N";"";"1:N";"COLUMN";"EXIT_LOCATION_ID";
"NOMINATION_LOCATION";"TRNP_DAY_NOM_MATCH_CNTLC";"ENTRY_LOCATION";"EC_TRAN";"N";"N";"";"1:N";"COLUMN";"ENTRY_LOCATION_ID";
"NOMINATION_LOCATION";"TRNP_DAY_NOM_MATCH_CNTLC";"EXIT_LOCATION";"EC_TRAN";"N";"N";"";"1:N";"COLUMN";"EXIT_LOCATION_ID";
"NOMINATION_LOCATION";"TRNP_DAY_NOM_OUTPUT";"EXIT_LOCATION";"EC_TRAN";"N";"N";"";"1:N";"COLUMN";"EXIT_LOCATION_ID";
"NOMINATION_LOCATION";"TRNP_DAY_NOM_SCH_CNT_IN";"ENTRY_LOCATION";"EC_TRAN";"N";"N";"";"1:N";"COLUMN";"ENTRY_LOCATION_ID";
"NOMINATION_LOCATION";"TRNP_DAY_NOM_SCH_CNT_OUT";"EXIT_LOCATION";"EC_TRAN";"N";"N";"";"1:N";"COLUMN";"EXIT_LOCATION_ID";
"NOMINATION_LOCATION";"TRNP_DAY_NOM_TRANSFER";"ENTRY_LOCATION";"EC_TRAN";"N";"N";"";"1:1";"FUNCTION";"ec_nomination_point.entry_location_id(NOMPNT_DAY_TRANSFER.OBJECT_ID)";
"NOMINATION_LOCATION";"TRNP_DAY_NOM_TRANSFER";"EXIT_LOCATION";"EC_TRAN";"N";"N";"";"1:1";"FUNCTION";"ec_nomination_point.exit_location_id(NOMPNT_DAY_TRANSFER.OBJECT_ID)";
"NOMINATION_LOCATION";"TRNP_DAY_NOM_TRANSF_BAL";"ENTRY_LOCATION";"EC_TRAN";"N";"N";"";"1:N";"FUNCTION";"ecdp_objects.GetObjName(ec_nomination_point.entry_location_id(NOMPNT_DAY_TRANSFER.OBJECT_ID),NOMPNT_DAY_TRANSFER.daytime)";
"NOMINATION_LOCATION";"TRNP_DAY_NOM_TRANSF_BAL";"EXIT_LOCATION";"EC_TRAN";"N";"N";"";"1:N";"FUNCTION";"ecdp_objects.GetObjName(ec_nomination_point.exit_location_id(NOMPNT_DAY_TRANSFER.OBJECT_ID),NOMPNT_DAY_TRANSFER.DAYTIME)";
"NOMINATION_LOCATION";"TRNP_DAY_RENOM_LIST";"ENTRY_LOCATION";"EC_TRAN";"N";"N";"";"1:N";"COLUMN";"ENTRY_LOCATION_ID";
"NOMINATION_LOCATION";"TRNP_MTH_NOM_BAL_CNT_IN";"ENTRY_LOCATION";"EC_TRAN";"N";"N";"";"1:N";"COLUMN";"ENTRY_LOCATION_ID";
"NOMINATION_LOCATION";"TRNP_MTH_NOM_BAL_CN_OUT";"EXIT_LOCATION";"EC_TRAN";"N";"N";"";"1:N";"COLUMN";"EXIT_LOCATION_ID";
"NOMINATION_LOCATION";"TRNP_MTH_NOM_TRANSF_BAL";"ENTRY_LOCATION";"EC_TRAN";"N";"N";"";"1:N";"FUNCTION";"ec_nomination_point.entry_location_id(NOMPNT_MTH_TRANSFER.OBJECT_ID)";
"NOMINATION_LOCATION";"TRNP_MTH_NOM_TRANSF_BAL";"EXIT_LOCATION";"EC_TRAN";"N";"N";"";"1:N";"FUNCTION";"ec_nomination_point.exit_location_id(NOMPNT_MTH_TRANSFER.OBJECT_ID)";
"NOMINATION_LOCATION";"TRNP_SUB_DAY_LOC_CONF";"ENTRY_LOCATION";"EC_TRAN";"N";"N";"";"1:N";"COLUMN";"ENTRY_LOCATION_ID";
"NOMINATION_LOCATION";"TRNP_SUB_DAY_LOC_CONF";"EXIT_LOCATION";"EC_TRAN";"N";"N";"";"1:N";"COLUMN";"EXIT_LOCATION_ID";
"NOMINATION_LOCATION";"TRNP_SUB_DAY_NOM_OPER";"ENTRY_LOCATION";"EC_TRAN";"N";"N";"";"1:N";"COLUMN";"ENTRY_LOCATION_ID";
"NOMINATION_LOCATION";"TRNP_SUB_DAY_NOM_OPER";"EXIT_LOCATION";"EC_TRAN";"N";"N";"";"1:N";"COLUMN";"EXIT_LOCATION_ID";
"NOMINATION_LOCATION";"TRNP_SUB_DAY_NOM_OUTPUT";"EXIT_LOCATION";"EC_TRAN";"N";"N";"";"1:N";"COLUMN";"EXIT_LOCATION_ID";
"NOMINATION_POINT";"NOMPNT_CONNECTION";"NOMPNT";"EC_TRAN";"Y";"N";"";"1:1";"COLUMN";"NOMPNT_ID";
"NOMINATION_POINT";"TRNP_DAY_NOM_BAL_CNT_IN2";"SUPPLIER_NOMPNT";"EC_TRAN";"N";"N";"";"1:N";"COLUMN";"SUPPLIER_NOMPNT_ID";
"NOMINATION_POINT";"TRNP_DAY_NOM_BAL_CN_OUT2";"SUPPLIER_NOMPNT";"EC_TRAN";"N";"N";"";"1:N";"COLUMN";"SUPPLIER_NOMPNT_ID";
"NOMINATION_POINT";"TRNP_DAY_NOM_INPUT";"COUNTER_NOMPNT";"EC_TRAN";"N";"N";"";"1:N";"COLUMN";"COUNTER_NOMPNT_ID";
"NOMINATION_POINT";"TRNP_DAY_NOM_INPUT";"SUPPLIER_NOMPNT";"EC_TRAN";"N";"N";"";"1:N";"COLUMN";"SUPPLIER_NOMPNT_ID";
"NOMINATION_POINT";"TRNP_DAY_NOM_LOC_CONF";"COUNTER_NOMPNT";"EC_TRAN";"N";"N";"";"1:N";"COLUMN";"COUNTER_NOMPNT_ID";
"NOMINATION_POINT";"TRNP_DAY_NOM_OPER_CTR";"COUNTER_NOMPNT";"EC_TRAN";"N";"N";"";"1:N";"COLUMN";"COUNTER_NOMPNT_ID";
"NOMINATION_POINT";"TRNP_DAY_NOM_OUTPUT";"COUNTER_NOMPNT";"EC_TRAN";"N";"N";"";"1:N";"COLUMN";"COUNTER_NOMPNT_ID";
"NOMINATION_POINT";"TRNP_DAY_NOM_OUTPUT";"SUPPLIER_NOMPNT";"EC_TRAN";"N";"N";"";"1:N";"COLUMN";"SUPPLIER_NOMPNT_ID";
"NOMINATION_POINT";"TRNP_DAY_NOM_TRANSFER";"COUNTER_NOMPNT";"EC_TRAN";"N";"N";"";"1:1";"COLUMN";"COUNTER_NOMPNT_ID";
"NOMINATION_POINT";"TRNP_DAY_NOM_TRANSFER";"SUPPLIER_NOMPNT";"EC_TRAN";"N";"N";"";"1:1";"COLUMN";"SUPPLIER_NOMPNT_ID";
"NOMINATION_POINT";"TRNP_DAY_NOM_TRANSF_BAL";"COUNTER_NOMPNT";"EC_TRAN";"N";"N";"";"1:N";"COLUMN";"COUNTER_NOMPNT_ID";
"NOMINATION_POINT";"TRNP_DAY_NOM_TRANSF_BAL";"SUPPLIER_NOMPNT";"EC_TRAN";"N";"N";"";"1:N";"COLUMN";"SUPPLIER_NOMPNT_ID";
"NOMINATION_POINT";"TRNP_MTH_NOM_BAL_CNT_IN";"SUPPLIER_NOMPNT";"EC_TRAN";"N";"N";"";"1:N";"COLUMN";"SUPPLIER_NOMPNT_ID";
"NOMINATION_POINT";"TRNP_MTH_NOM_BAL_CN_OUT";"SUPPLIER_NOMPNT";"EC_TRAN";"N";"N";"";"1:N";"COLUMN";"SUPPLIER_NOMPNT_ID";
"NOMINATION_POINT";"TRNP_MTH_NOM_TRANSF_BAL";"COUNTER_NOMPNT";"EC_TRAN";"N";"N";"";"1:N";"COLUMN";"COUNTER_NOMPNT_ID";
"NOMINATION_POINT";"TRNP_MTH_NOM_TRANSF_BAL";"SUPPLIER_NOMPNT";"EC_TRAN";"N";"N";"";"1:N";"COLUMN";"SUPPLIER_NOMPNT_ID";
"OPERATIONAL_LOCATIONS";"CAPACITY_BID_LOCATION";"LOCATION";"EC_TRAN";"Y";"";"";"1:N";"COLUMN";"LOCATION_ID";
"OPERATIONAL_LOCATIONS";"CAPACITY_BID_LOC_INTER";"LOCATION";"EC_TRAN";"N";"N";"";"1:N";"COLUMN";"LOCATION_ID";
"OPERATIONAL_LOCATIONS";"CAPACITY_REL_LOCATION";"LOCATION";"EC_TRAN";"Y";"N";"";"1:N";"COLUMN";"LOCATION_ID";
"OPERATIONAL_LOCATIONS";"CAPACITY_REL_LOC_EVENT";"LOCATION";"EC_TRAN";"Y";"";"";"1:N";"COLUMN";"LOCATION_ID";
"OPERATIONAL_LOCATIONS";"CAPACITY_REL_RECALL_LOC";"LOCATION";"EC_TRAN";"Y";"N";"";"1:N";"COLUMN";"LOCATION_ID";
"OPERATIONAL_LOCATIONS";"CNTR_CAPACITY_DAY_TRANS";"OPER_LOCATION";"EC_TRAN";"Y";"N";"";"1:N";"COLUMN";"OPER_LOCATION_ID";
"OPERATIONAL_LOCATIONS";"CNTR_DAY_CAPACITY_REQ";"OPER_LOCATION";"EC_TRAN";"Y";"N";"";"1:N";"COLUMN";"OPER_LOCATION_ID";
"OPERATIONAL_LOCATIONS";"CNTR_LOC_INVENTORY_ATTR";"LOCATION";"EC_TRAN";"Y";"N";"";"1:N";"COLUMN";"LOCATION_ID";
"OPERATIONAL_LOCATIONS";"CONTRACT_CAPACITY";"OPERATIONAL_LOCATIONS";"EC_TRAN";"N";"N";"";"1:N";"COLUMN";"LOCATION_ID";
"OPERATIONAL_LOCATIONS";"CONTRACT_CAPACITY_RESULT";"OPERATIONAL_LOCATIONS";"EC_TRAN";"N";"N";"";"1:N";"COLUMN";"LOCATION_ID";
"OPERATIONAL_LOCATIONS";"CONTRACT_INVENTORY";"LOCATION";"EC_TRAN";"N";"N";"";"1:N";"COLUMN";"LOCATION_ID";
"OPERATOR_LEASE";"WELL";"OPERATOR_LEASE";"EC_PROD";"N";"N";"";"1:N";"ATTRIBUTE";"OPERATOR_LEASE_ID";
"OPERATOR_ROUTE";"COLLECTION_POINT";"CP_OPERATOR_ROUTE";"EC_PROD";"N";"N";"collection_point";"1:N";"ATTRIBUTE";"CP_OPERATOR_ROUTE_ID";
"PIPELINE";"PIPELINE_SEGMENT";"PIPELINE";"EC_TRAN";"N";"N";"";"1:N";"ATTRIBUTE";"PIPELINE_ID";
"PIPELINE_SEGMENT";"METER";"PIPELINE_SEGMENT";"EC_TRAN";"N";"N";"";"1:N";"ATTRIBUTE";"PIPELINE_SEGMENT_ID";
"PORT";"BERTH";"PORT";"EC_TRAN";"N";"";"";"1:N";"ATTRIBUTE";"PORT_ID";
"PORT";"CANAL_TRANSIT";"FROM_PORT";"EC_TRAN";"Y";"N";"";"1:N";"COLUMN";"FROM_PORT_ID";
"PORT";"CANAL_TRANSIT";"TO_PORT";"EC_TRAN";"Y";"N";"";"1:N";"COLUMN";"TO_PORT_ID";
"PORT";"CANAL_TRANSIT_PENALTY";"FROM_PORT";"EC_TRAN";"Y";"N";"";"1:N";"COLUMN";"FROM_PORT_ID";
"PORT";"CANAL_TRANSIT_PENALTY";"TO_PORT";"EC_TRAN";"Y";"N";"";"1:N";"COLUMN";"TO_PORT_ID";
"PORT";"CARRIER_PORT_ACC";"PORT";"EC_TRAN";"Y";"N";"";"1:N";"COLUMN";"PORT_ID";
"PORT";"CONTRACT_PORT";"PORT";"EC_TRAN";"Y";"";"";"1:N";"COLUMN";"PORT_ID";
"PORT";"PORT_CARRIER";"PORT";"EC_TRAN";"Y";"N";"";"1:N";"COLUMN";"PORT_ID";
"PORT";"PORT_CONTRACT";"PORT";"EC_TRAN";"Y";"";"";"1:N";"COLUMN";"PORT_ID";
"PORT";"REP_STORAGE_LIFT_NOM";"PORT";"EC_TRAN";"N";"N";"";"1:1";"COLUMN";"PORT_ID";
"PORT";"STORAGE_LIFT_NOM_DETAIL";"PORT";"EC_TRAN";"N";"N";"";"1:1";"COLUMN";"PORT_ID";
"POWER_DISTRIBUTION_EQPM";"WELL";"DEF_POWER_DISTRIBUTION";"EC_PROD";"N";"N";"";"1:N";"ATTRIBUTE";"DEF_POWER_DISTRIBUTION_ID";
"PRICE_INDEX";"PRICE_INDEX_FACTOR";"PRICE_INDEX";"EC_SALE";"Y";"";"";"1:N";"COLUMN";"PRICE_INDEX_ID";
"PRICE_OBJECT";"PRICE_IDX_DS_PO_DAY_VAL";"PRICE_OBJECT";"EC_SALE";"Y";"N";"";"1:N";"COLUMN";"DIM2_KEY";
"PRICE_OBJECT";"PRICE_IDX_DS_PO_MTH_VAL";"PRICE_OBJECT";"EC_SALE";"Y";"N";"";"1:N";"COLUMN";"DIM2_KEY";
"PROCESS_TRAIN";"WELL";"PROCESS_TRAIN";"EC_PROD";"N";"N";"";"1:N";"ATTRIBUTE";"PROCESS_TRAIN_ID";
"PRODUCT";"BLEND_CONTENT";"PRODUCT";"EC_PROD";"Y";"N";"";"1:1";"COLUMN";"PRODUCT_ID";
"PRODUCT";"CARGO_ANALYSIS";"PRODUCT";"EC_TRAN";"N";"N";"";"1:1";"COLUMN";"PRODUCT_ID";
"PRODUCT";"CARGO_ANALYSIS_UNLOAD";"PRODUCT";"EC_TRAN";"N";"N";"";"1:1";"COLUMN";"PRODUCT_ID";
"PRODUCT";"CNTR_PRICE_SUB_DAY_LIST";"PRODUCT";"EC_SALE";"N";"";"";"1:N";"FUNCTION";"ec_product_price.product_id(PROD_PRICE_SUB_DAY_VALUE.OBJECT_ID)";
"PRODUCT";"CONTRACT_ACCOUNT";"PRODUCT";"EC_SALE";"N";"";"";"1:N";"COLUMN";"PRODUCT_ID";
"PRODUCT";"DISPOSITION_TYPE";"PRODUCT";"EC_PROD";"N";"";"";"1:N";"ATTRIBUTE";"PRODUCT_ID";
"PRODUCT";"PRICE_IDX_DS_PO_DAY_VAL";"PRODUCT";"EC_SALE";"N";"N";"";"1:1";"FUNCTION";"ec_price_index_version.product_id(PRICE_INDEX_DIM2_VALUE.object_id, PRICE_INDEX_DIM2_VALUE.daytime, '<=')";
"PRODUCT";"PRICE_IDX_DS_PO_MTH_VAL";"PRODUCT";"EC_SALE";"N";"N";"";"1:1";"FUNCTION";"ec_price_index_version.product_id(PRICE_INDEX_DIM2_VALUE.object_id, PRICE_INDEX_DIM2_VALUE.daytime, '<=')";
"PRODUCT";"PRICE_INDEX";"PRODUCT";"EC_SALE";"N";"N";"";"1:N";"ATTRIBUTE";"PRODUCT_ID";
"PRODUCT";"PRICE_INDEX_DAY_VALUE";"PRODUCT";"EC_SALE";"N";"";"";"1:1";"FUNCTION";"ec_price_index_version.product_id(PRICE_INDEX_VALUE.object_id, PRICE_INDEX_VALUE.daytime, '<=')";
"PRODUCT";"PRICE_INDEX_DS_DAY_VALUE";"PRODUCT";"EC_SALE";"N";"N";"";"1:1";"FUNCTION";"ec_price_index_version.product_id(PRICE_INDEX_DIM1_VALUE.object_id, PRICE_INDEX_DIM1_VALUE.daytime, '<=')";
"PRODUCT";"PRICE_INDEX_DS_MTH_VALUE";"PRODUCT";"EC_SALE";"N";"N";"";"1:1";"FUNCTION";"ec_price_index_version.product_id(PRICE_INDEX_DIM1_VALUE.object_id, PRICE_INDEX_DIM1_VALUE.daytime, '<=')";
"PRODUCT";"PRICE_INDEX_MTH_VALUE";"PRODUCT";"EC_SALE";"N";"";"";"1:1";"FUNCTION";"ec_price_index_version.product_id(PRICE_INDEX_VALUE.object_id, PRICE_INDEX_VALUE.daytime, '<=')";
"PRODUCT";"PRICE_INDEX_SUB_DAY_VAL";"PRODUCT";"EC_SALE";"N";"";"";"1:1";"FUNCTION";"ec_price_index_version.product_id(PRICE_INDEX_SUB_DAY_VALUE.object_id,PRICE_INDEX_SUB_DAY_VALUE.daytime,'<=')";
"PRODUCT";"PRICE_INDEX_YR_VALUE";"PRODUCT";"EC_SALE";"N";"";"";"1:1";"FUNCTION";"ec_price_index_version.product_id(PRICE_INDEX_VALUE.object_id, PRICE_INDEX_VALUE.daytime, '<=')";
"PRODUCT";"PRICE_OBJECT";"PRODUCT";"EC_SALE";"N";"N";"";"1:N";"COLUMN";"PRODUCT_ID";
"PRODUCT";"PROD_PRICE_SUB_DAY_LIST";"PRODUCT";"EC_SALE";"N";"";"";"1:N";"FUNCTION ";"ec_product_price.product_id(PROD_PRICE_SUB_DAY_VALUE.OBJECT_ID)";
"PRODUCT";"PWEL_MTH_PROD_ALLOC";"PRODUCT";"EC_PROD";"Y";"N";"";"1:N";"COLUMN";"PRODUCT_ID";
"PRODUCT";"PWEL_MTH_PROD_CP_ALLOC";"PRODUCT";"EC_PROD";"Y";"N";"";"1:N";"COLUMN";"PRODUCT_ID";
"PRODUCT";"REP_STORAGE_LIFT_NOM";"PRODUCT";"EC_TRAN";"N";"N";"";"1:1";"FUNCTION";"ec_stor_version.product_id( object_id, requested_date, '<=')";
"PRODUCT";"STORAGE";"PRODUCT";"EC_PROD";"N";"N";"";"1:1";"ATTRIBUTE";"PRODUCT_ID";
"PRODUCT";"STOR_INTERMED_PROD";"PRODUCT";"EC_PROD";"Y";"";"";"1:N";"COLUMN";"PRODUCT_ID";
"PRODUCT";"STREAM";"PRODUCT";"EC_PROD";"N";"";"";"1:N";"ATTRIBUTE";"PRODUCT_ID";
"PRODUCT";"STRM_MTH_CE_CPY_P_ALLOC";"PRODUCT";"EC_PROD";"Y";"N";"";"1:N";"COLUMN";"PRODUCT_ID";
"PRODUCT";"STRM_MTH_CE_P_CP_ALLOC";"PRODUCT";"EC_PROD";"Y";"N";"";"1:N";"COLUMN";"PRODUCT_ID";
"PRODUCT";"STRM_MTH_COENT_P_ALLOC";"PRODUCT";"EC_PROD";"Y";"N";"";"1:N";"COLUMN";"PRODUCT_ID";
"PRODUCT";"STRM_MTH_CPY_P_ALLOC";"PRODUCT";"EC_PROD";"Y";"N";"";"1:N";"COLUMN";"PRODUCT_ID";
"PRODUCT";"STRM_MTH_PC_PROD_ALLOC";"PRODUCT";"EC_PROD";"Y";"N";"";"1:N";"COLUMN";"PRODUCT_ID";
"PRODUCT";"STRM_MTH_PC_P_CP_ALLOC";"PRODUCT";"EC_PROD";"Y";"N";"";"1:N";"COLUMN";"PRODUCT_ID";
"PRODUCT";"STRM_MTH_PRODUCT_ALLOC";"PRODUCT";"EC_PROD";"Y";"N";"";"1:N";"COLUMN";"PRODUCT_ID";
"PRODUCT";"STRM_MTH_PROD_CP_ALLOC";"PRODUCT";"EC_PROD";"Y";"N";"";"1:N";"COLUMN";"PRODUCT_ID";
"PRODUCTIONUNIT";"AREA";"CP_PRODUCTIONUNIT";"EC_PROD";"N";"N";"collection_point";"1:N";"ATTRIBUTE";"CP_PU_ID";
"PRODUCTIONUNIT";"AREA";"OP_PRODUCTIONUNIT";"EC_PROD";"N";"N";"operational";"1:N";"ATTRIBUTE";"OP_PU_ID";
"PRODUCTIONUNIT";"PROD_SUB_UNIT";"OP_PRODUCTIONUNIT";"EC_PROD";"N";"N";"operational";"1:N";"ATTRIBUTE";"OP_PU_ID";
"PRODUCTION_DAY";"COLLECTION_POINT";"PRODUCTION_DAY";"EC_PROD";"N";"N";"";"1:N";"ATTRIBUTE";"PRODUCTION_DAY_ID";
"PRODUCTION_DAY";"CONTRACT";"PRODUCTION_DAY";"EC_TRAN";"N";"N";"";"1:1";"ATTRIBUTE";"PRODUCTION_DAY_ID";
"PRODUCTION_DAY";"FCTY_CLASS_1";"PRODUCTION_DAY";"EC_PROD";"N";"N";"";"1:N";"ATTRIBUTE";"PRODUCTION_DAY_ID";
"PRODUCTION_DAY";"FCTY_CLASS_2";"PRODUCTION_DAY";"EC_PROD";"N";"N";"";"1:N";"ATTRIBUTE";"PRODUCTION_DAY_ID";
"PRODUCTION_DAY";"FLOWLINE";"PRODUCTION_DAY";"EC_PROD";"N";"N";"";"1:N";"ATTRIBUTE";"PRODUCTION_DAY_ID";
"PRODUCTION_DAY";"GAS_PROC_EQPM";"PRODUCTION_DAY";"EC_PROD";"N";"N";"";"1:N";"ATTRIBUTE";"PRODUCTION_DAY_ID";
"PRODUCTION_DAY";"METER";"PRODUCTION_DAY";"EC_TRAN";"N";"N";"";"1:N";"ATTRIBUTE";"PRODUCTION_DAY_ID";
"PRODUCTION_DAY";"PIPELINE";"PRODUCTION_DAY";"EC_PROD";"N";"N";"";"1:N";"ATTRIBUTE";"PRODUCTION_DAY_ID";
"PRODUCTION_DAY";"PRODSEPARATOR";"PRODUCTION_DAY";"EC_PROD";"N";"N";"";"1:N";"ATTRIBUTE";"PRODUCTION_DAY_ID";
"PRODUCTION_DAY";"REPT_SET";"PRODUCTION_DAY";"EC_FRMW";"N";"";"";"1:N";"COLUMN";"PRODUCTION_DAY_ID";
"PRODUCTION_DAY";"SALE_CONTRACT";"PRODUCTION_DAY";"EC_TRAN";"N";"";"";"1:1";"ATTRIBUTE";"PRODUCTION_DAY_ID";
"PRODUCTION_DAY";"STREAM";"PRODUCTION_DAY";"EC_PROD";"N";"N";"";"1:N";"ATTRIBUTE";"PRODUCTION_DAY_ID";
"PRODUCTION_DAY";"TRAN_CONTRACT";"PRODUCTION_DAY";"EC_TRAN";"N";"";"";"1:1";"ATTRIBUTE";"PRODUCTION_DAY_ID";
"PROD_SUB_UNIT";"AREA";"OP_PROD_SUB_UNIT";"EC_PROD";"N";"N";"operational";"1:N";"ATTRIBUTE";"OP_SUB_PU_ID";
"PROFIT_CENTRE";"CNTR_DAY_PC_DEL";"PROFIT_CENTRE";"EC_TRAN";"Y";"";"";"1:1";"COLUMN";"PROFIT_CENTRE_ID";
"PROFIT_CENTRE";"CNTR_MTH_PC_DEL";"PROFIT_CENTRE";"EC_TRAN";"Y";"";"";"1:1";"COLUMN";"PROFIT_CENTRE_ID";
"PROFIT_CENTRE";"CNTR_PC_COMPANY";"PROFIT_CENTRE";"EC_TRAN";"Y";"N";"";"1:1";"COLUMN";"PROFIT_CENTRE_ID";
"PROFIT_CENTRE";"CNTR_PROFIT_CENTRE";"PROFIT_CENTRE";"EC_TRAN";"Y";"N";"";"1:1";"COLUMN";"PROFIT_CENTRE_ID";
"PROFIT_CENTRE";"FCST_STOR_DAY_PC_FCAST";"PROFIT_CENTRE";"EC_TRAN";"Y";"N";"";"1:N";"COLUMN";"PROFIT_CENTRE_ID";
"PROFIT_CENTRE";"FCST_STOR_LIFT_NOM";"PROFIT_CENTRE";"EC_TRAN";"N";"N";"";"1:1";"FUNCTION";"ec_lifting_account.profit_centre_id(lifting_account_id)";
"PROFIT_CENTRE";"FCST_STOR_MTH_PC_FCAST";"PROFIT_CENTRE";"EC_TRAN";"Y";"N";"";"1:N";"COLUMN";"PROFIT_CENTRE_ID";
"PROFIT_CENTRE";"LIFTING_ACCOUNT";"PROFIT_CENTRE";"EC_TRAN";"N";"N";"";"1:1";"COLUMN";"PROFIT_CENTRE_ID";
"PROFIT_CENTRE";"NOMPNT_PC_COMPANY";"PROFIT_CENTRE";"EC_TRAN";"Y";"N";"";"1:1";"COLUMN";"PROFIT_CENTRE_ID";
"PROFIT_CENTRE";"NOMPNT_PC_CPY_PRIORITY";"PROFIT_CENTRE";"EC_SALE";"Y";"N";"";"1:1";"COLUMN";"PROFIT_CENTRE_ID";
"PROFIT_CENTRE";"NOMPNT_PROFIT_CENTRE";"PROFIT_CENTRE";"EC_TRAN";"Y";"N";"";"1:1";"COLUMN";"PROFIT_CENTRE_ID";
"PROFIT_CENTRE";"PIPE_DAY_PC_ALLOC";"PROFIT_CENTRE";"EC_PROD";"Y";"";"";"1:N";"COLUMN";"PROFIT_CENTRE_ID";
"PROFIT_CENTRE";"PIPE_DAY_PC_STATUS";"PROFIT_CENTRE";"EC_PROD";"Y";"";"";"1:N";"COLUMN";"PROFIT_CENTRE_ID";
"PROFIT_CENTRE";"PIPE_MTH_PC_ALLOC";"PROFIT_CENTRE";"EC_PROD";"Y";"";"";"1:N";"COLUMN";"PROFIT_CENTRE_ID";
"PROFIT_CENTRE";"PIPE_PC_TRANSACTION";"PROFIT_CENTRE";"EC_PROD";"Y";"";"";"1:1";"COLUMN";"PROFIT_CENTRE_ID";
"PROFIT_CENTRE";"PIPE_PC_TRAN_BALANCE";"PROFIT_CENTRE";"EC_PROD";"Y";"";"";"1:1";"COLUMN";"PROFIT_CENTRE_ID";
"PROFIT_CENTRE";"PIPE_SUB_DAY_PC_ALLOC";"PROFIT_CENTRE";"EC_PROD";"Y";"";"";"1:N";"COLUMN";"PROFIT_CENTRE_ID";
"PROFIT_CENTRE";"PIPE_SUB_DAY_PC_STATUS";"PROFIT_CENTRE";"EC_PROD";"Y";"";"";"1:N";"COLUMN";"PROFIT_CENTRE_ID";
"PROFIT_CENTRE";"PRTR_PC_CP_REC_FAC";"PROFIT_CENTRE";"EC_PROD";"Y";"";"";"1:N";"COLUMN";"PROFIT_CENTRE_ID";
"PROFIT_CENTRE";"PSEP_SUB_DAY_PC_ALLOC";"PROFIT_CENTRE";"EC_PROD";"Y";"";"";"1:N";"COLUMN";"PROFIT_CENTRE_ID";
"PROFIT_CENTRE";"SCTR_ACC_DAY_DS_PC_ALLOC";"PROFIT_CENTRE";"EC_SALE";"Y";"N";"";"1:N";"COLUMN";"DIM2_KEY";
"PROFIT_CENTRE";"SCTR_ACC_DAY_PC_CPY";"PROFIT_CENTRE";"EC_SALE";"Y";"";"";"1:1";"COLUMN";"PROFIT_CENTRE_ID";
"PROFIT_CENTRE";"SCTR_ACC_DAY_PC_STATUS";"PROFIT_CENTRE";"EC_SALE";"Y";"";"";"1:1";"COLUMN";"PROFIT_CENTRE_ID";
"PROFIT_CENTRE";"SCTR_ACC_MTH_DS_PC_ALLOC";"PROFIT_CENTRE";"EC_SALE";"Y";"N";"";"1:N";"COLUMN";"DIM2_KEY";
"PROFIT_CENTRE";"SCTR_ACC_MTH_PC_CPY";"PROFIT_CENTRE";"EC_SALE";"Y";"";"";"1:1";"COLUMN";"PROFIT_CENTRE_ID";
"PROFIT_CENTRE";"SCTR_ACC_MTH_PC_STATUS";"PROFIT_CENTRE";"EC_SALE";"Y";"";"";"1:1";"COLUMN";"PROFIT_CENTRE_ID";
"PROFIT_CENTRE";"SCTR_ACC_NOM_PC_STATUS";"PROFIT_CENTRE";"EC_SALE";"Y";"";"";"1:N";"COLUMN";"PROFIT_CENTRE_ID";
"PROFIT_CENTRE";"SCTR_ACC_YR_PC_CPY";"PROFIT_CENTRE";"EC_SALE";"Y";"";"";"1:1";"COLUMN";"PROFIT_CENTRE_ID";
"PROFIT_CENTRE";"SCTR_ACC_YR_PC_STATUS";"PROFIT_CENTRE";"EC_SALE";"Y";"";"";"1:1";"COLUMN";"PROFIT_CENTRE_ID";
"PROFIT_CENTRE";"SCTR_DAY_PC_DEL";"PROFIT_CENTRE";"EC_SALE";"Y";"";"";"1:1";"COLUMN";"PROFIT_CENTRE_ID";
"PROFIT_CENTRE";"SCTR_MTH_PC_DEL";"PROFIT_CENTRE";"EC_SALE";"Y";"N";"";"1:1";"COLUMN";"PROFIT_CENTRE_ID";
"PROFIT_CENTRE";"SCTR_PC_CPY_PRIORITY";"PROFIT_CENTRE";"EC_SALE";"Y";"N";"";"1:1";"COLUMN";"PROFIT_CENTRE_ID";
"PROFIT_CENTRE";"SD_STRM_DAY_PC_ALLOC";"PROFIT_CENTRE";"EC_SALE";"Y";"";"";"1:N";"COLUMN";"PROFIT_CENTRE_ID";
"PROFIT_CENTRE";"SD_STRM_DAY_PC_CP_ALLOC";"PROFIT_CENTRE";"EC_SALE";"Y";"";"";"1:N";"COLUMN";"PROFIT_CENTRE_ID";
"PROFIT_CENTRE";"STORAGE_LIFT_NOMINATION";"PROFIT_CENTRE";"EC_TRAN";"N";"N";"";"1:1";"FUNCTION";"ec_lifting_account.profit_centre_id(lifting_account_id)";
"PROFIT_CENTRE";"STORAGE_OFFICIAL_RECEIPT";"PROFIT_CENTRE";"EC_TRAN";"Y";"N";"";"1:N";"COLUMN";"PROFIT_CENTRE_ID";
"PROFIT_CENTRE";"STOR_DAY_PC_GRAPH";"PROFIT_CENTRE";"EC_TRAN";"Y";"";"";"1:N";"COLUMN";"PROFIT_CENTRE_ID";
"PROFIT_CENTRE";"STOR_DAY_PC_LIFT_ALLOC";"PROFIT_CENTRE";"EC_TRAN";"Y";"N";"";"1:1";"COLUMN";"PROFIT_CENTRE_ID";
"PROFIT_CENTRE";"STOR_DAY_PLAN_PRTR";"PROFIT_CENTRE";"EC_TRAN";"Y";"N";"";"1:N";"COLUMN";"PROFIT_CENTRE_ID";
"PROFIT_CENTRE";"STOR_DAY_PLAN_RECEIPT";"PROFIT_CENTRE";"EC_TRAN";"Y";"N";"";"1:N";"COLUMN";"PROFIT_CENTRE_ID";
"PROFIT_CENTRE";"STOR_MTH_PLAN_RECEIPT";"PROFIT_CENTRE";"EC_TRAN";"Y";"N";"";"1:N";"COLUMN";"PROFIT_CENTRE_ID";
"PROFIT_CENTRE";"STOR_SUB_DAY_PLAN_PRTR";"PROFIT_CENTRE";"EC_TRAN";"N";"N";"";"1:N";"COLUMN";"PROFIT_CENTRE_ID";
"PROFIT_CENTRE";"STRM_DAY_PC_ALLOC";"PROFIT_CENTRE";"EC_PROD";"Y";"";"";"1:N";"COLUMN";"PROFIT_CENTRE_ID";
"PROFIT_CENTRE";"STRM_DAY_PC_ALLOC_GAS";"PROFIT_CENTRE";"EC_PROD";"Y";"";"";"1:N";"COLUMN";"PROFIT_CENTRE_ID";
"PROFIT_CENTRE";"STRM_DAY_PC_ALLOC_LIQ";"PROFIT_CENTRE";"EC_PROD";"Y";"";"";"1:N";"COLUMN";"PROFIT_CENTRE_ID";
"PROFIT_CENTRE";"STRM_DAY_PC_CPY_ALLOC";"PROFIT_CENTRE";"EC_PROD";"Y";"";"";"1:N";"COLUMN";"PROFIT_CENTRE_ID";
"PROFIT_CENTRE";"STRM_DAY_PC_CPY_CE_REAS";"PROFIT_CENTRE";"EC_PROD";"Y";"N";"";"1:N";"COLUMN";"PROFIT_CENTRE_ID";
"PROFIT_CENTRE";"STRM_DAY_PC_CPY_CPY_REAS";"PROFIT_CENTRE";"EC_PROD";"Y";"N";"";"1:N";"COLUMN";"PROFIT_CENTRE_ID";
"PROFIT_CENTRE";"STRM_DAY_PC_CPY_PC_REAS";"FROM_PROFIT_CENTRE";"EC_PROD";"Y";"N";"";"1:N";"COLUMN";"FROM_PROFIT_CENTRE_ID";
"PROFIT_CENTRE";"STRM_DAY_PC_CPY_PC_REAS";"TO_PROFIT_CENTRE";"EC_PROD";"Y";"N";"";"1:N";"COLUMN";"TO_PROFIT_CENTRE_ID";
"PROFIT_CENTRE";"STRM_DAY_PC_CPY_STATUS";"PROFIT_CENTRE";"EC_PROD";"Y";"";"";"1:N";"COLUMN";"PROFIT_CENTRE_ID";
"PROFIT_CENTRE";"STRM_DAY_PC_CP_ALLOC";"PROFIT_CENTRE";"EC_PROD";"Y";"";"";"1:N";"COLUMN";"PROFIT_CENTRE_ID";
"PROFIT_CENTRE";"STRM_DAY_PC_CP_STATUS";"PROFIT_CENTRE";"EC_PROD";"Y";"";"";"1:N";"COLUMN";"PROFIT_CENTRE_ID";
"PROFIT_CENTRE";"STRM_DAY_PC_STATUS";"PROFIT_CENTRE";"EC_PROD";"Y";"";"";"1:N";"COLUMN";"PROFIT_CENTRE_ID";
"PROFIT_CENTRE";"STRM_DAY_PC_STATUS_GAS";"PROFIT_CENTRE";"EC_PROD";"Y";"";"";"1:N";"COLUMN";"PROFIT_CENTRE_ID";
"PROFIT_CENTRE";"STRM_MTH_PC_ALLOC";"PROFIT_CENTRE";"EC_PROD";"Y";"";"";"1:N";"COLUMN";"PROFIT_CENTRE_ID";
"PROFIT_CENTRE";"STRM_MTH_PC_CPY_ALLOC";"PROFIT_CENTRE";"EC_PROD";"Y";"";"";"1:N";"COLUMN";"PROFIT_CENTRE_ID";
"PROFIT_CENTRE";"STRM_MTH_PC_CPY_STATUS";"PROFIT_CENTRE";"EC_PROD";"Y";"";"";"1:N";"COLUMN";"PROFIT_CENTRE_ID";
"PROFIT_CENTRE";"STRM_MTH_PC_CP_ALLOC";"PROFIT_CENTRE";"EC_PROD";"Y";"";"";"1:N";"COLUMN";"PROFIT_CENTRE_ID";
"PROFIT_CENTRE";"STRM_MTH_PC_CP_STATUS";"PROFIT_CENTRE";"EC_PROD";"Y";"";"";"1:N";"COLUMN";"PROFIT_CENTRE_ID";
"PROFIT_CENTRE";"STRM_MTH_PC_DISP_ALLOC";"PROFIT_CENTRE";"EC_PROD";"Y";"";"";"1:N";"COLUMN";"DIM1_KEY";
"PROFIT_CENTRE";"STRM_MTH_PC_PROD_ALLOC";"PROFIT_CENTRE";"EC_PROD";"Y";"N";"";"1:N";"COLUMN";"PROFIT_CENTRE_ID";
"PROFIT_CENTRE";"STRM_MTH_PC_P_CP_ALLOC";"PROFIT_CENTRE";"EC_PROD";"Y";"N";"";"1:N";"COLUMN";"PROFIT_CENTRE_ID";
"PROFIT_CENTRE";"STRM_PC_ANALYSIS";"PROFIT_CENTRE";"EC_PROD";"Y";"N";"";"1:N";"COLUMN";"PROFIT_CENTRE_ID";
"PROFIT_CENTRE";"STRM_PC_COMP_ANALYSIS";"PROFIT_CENTRE";"EC_PROD";"Y";"N";"";"1:N";"COLUMN";"PROFIT_CENTRE_ID";
"PROFIT_CENTRE";"STRM_PC_SPLIT";"PROFIT_CENTRE";"EC_PROD";"Y";"N";"";"1:1";"COLUMN";"PROFIT_CENTRE_ID";
"PROFIT_CENTRE";"STRM_PROFIT_CENTRE_CONN";"PROFIT_CENTRE";"EC_PROD";"Y";"N";"";"1:N";"COLUMN";"PROFIT_CENTRE_ID";
"PROFIT_CENTRE";"STRM_SUB_DAY_PCCPY_ALLOC";"PROFIT_CENTRE";"EC_PROD";"Y";"";"";"1:N";"COLUMN";"PROFIT_CENTRE_ID";
"PROFIT_CENTRE";"STRM_SUB_DAY_PC_ALLOC";"PROFIT_CENTRE";"EC_PROD";"Y";"";"";"1:N";"COLUMN";"PROFIT_CENTRE_ID";
"PROFIT_CENTRE";"STRM_SUB_DAY_PC_CP_ALLOC";"PROFIT_CENTRE";"EC_PROD";"Y";"";"";"1:N";"COLUMN";"PROFIT_CENTRE_ID";
"PUMP";"WELL";"DEF_PUMP";"EC_PROD";"N";"N";"";"1:N";"ATTRIBUTE";"DEF_PUMP_ID";
"RESV_BLOCK";"RESV_BLOCK";"PARENT_RESV_BLOCK";"EC_PROD";"N";"N";"";"1:1";"COLUMN";"RESV_BLOCK_ID";
"RESV_BLOCK";"RESV_BLOCK_FORMATION";"RESV_BLOCK";"EC_PROD";"N";"N";"";"1:N";"COLUMN";"RESV_BLOCK_ID";
"RESV_BLOCK_FORMATION";"PERF_INTERVAL";"RESV_BLOCK_FORMATION";"EC_PROD";"N";"N";"";"1:N";"COLUMN";"RESV_BLOCK_FORMATION_ID";
"RESV_FORMATION";"RESV_BLOCK_FORMATION";"RESV_FORMATION";"EC_PROD";"N";"N";"";"1:N";"COLUMN";"RESV_FORMATION_ID";
"RESV_FORMATION";"RESV_FORMATION";"PARENT_FORMATION";"EC_PROD";"N";"N";"";"1:1";"COLUMN";"RESV_FORMATION_ID";
"SEPARATOR";"TEST_DEVICE";"TESTSEPARATOR";"EC_PROD";"N";"N";"";"1:N";"ATTRIBUTE";"SEPARATOR_ID";
"SND_VISUAL_NODE";"SND_WELL_GROUP_STREAM";"FROM_NODE";"EC_PROD";"N";"N";"";"1:1";"ATTRIBUTE";"FROM_NODE_ID";
"SND_VISUAL_NODE";"SND_WELL_GROUP_STREAM";"TO_NODE";"EC_PROD";"N";"N";"";"1:1";"ATTRIBUTE";"TO_NODE_ID";
"STATE";"FCTY_CLASS_1";"STATE";"EC_PROD";"N";"N";"";"1:N";"ATTRIBUTE";"STATE_ID";
"STATE";"FIELD";"STATE";"EC_PROD";"N";"N";"";"1:N";"ATTRIBUTE";"STATE_ID";
"STATE_LEASE";"WELL";"STATE_LEASE";"EC_PROD";"N";"N";"";"1:N";"ATTRIBUTE";"STATE_LEASE_ID";
"STORAGE";"CNTR_DAY_STOR_DEL";"STORAGE";"EC_TRAN";"N";"";"";"1:1";"COLUMN";"STORAGE_ID";
"STORAGE";"FCST_CNTR_DAY_STOR_DEL";"STORAGE";"EC_TRAN";"N";"";"";"1:1";"COLUMN";"STORAGE_ID";
"STORAGE";"FORECAST_TRAN_CP";"STORAGE";"EC_TRAN";"N";"N";"";"1:N";"COLUMN";"STORAGE_ID";
"STORAGE";"LIFTING_ACCOUNT";"STORAGE";"EC_TRAN";"N";"N";"";"1:1";"COLUMN";"STORAGE_ID";
"STORAGE";"STOR_BLEND_CONTENT";"STORAGE";"EC_PROD";"N";"N";"";"1:N";"COLUMN";"STORAGE_ID";
"STORAGE";"STOR_DAY_OVERVIEW_DETAIL";"STORAGE";"EC_PROD";"Y";"N";"";"1:N";"COLUMN";"STORAGE_ID";
"STORAGE";"STOR_PROD_EVENT_TRANS";"STORAGE";"EC_PROD";"N";"";"";"1:N";"COLUMN";"STORAGE_ID";
"STREAM";"CHOKE_MODEL";"STREAM";"EC_PROD";"N";"N";"";"1:N";"ATTRIBUTE";"STREAM_ID";
"STREAM";"METER";"STREAM";"EC_TRAN";"N";"N";"";"1:N";"ATTRIBUTE";"STREAM_ID";
"STREAM";"PROCESS_TRAIN";"HC_FEED_STREAM";"EC_PROD";"N";"N";"";"1:1";"ATTRIBUTE";"HC_FEED_STREAM_ID";
"STREAM";"RESV_BLOCK_FORMATION";"QUALITY_STREAM";"EC_PROD";"N";"N";"";"1:1";"ATTRIBUTE";"STREAM_ID";
"STREAM";"STREAM";"REF_ANALYSIS_STREAM";"EC_PROD";"N";"N";"";"1:N";"ATTRIBUTE";"REF_ANALYSIS_STREAM_ID";
"STREAM";"STREAM";"REF_BITUMEN_STREAM";"EC_PROD";"N";"N";"";"1:N";"ATTRIBUTE";"REF_BITUMEN_STREAM_ID";
"STREAM";"STREAM";"REF_DILUENT_STREAM";"EC_PROD";"N";"N";"";"1:N";"ATTRIBUTE";"REF_DILUENT_STREAM_ID";
"STREAM";"STREAM";"REF_ORF_STREAM";"EC_PROD";"N";"N";"";"1:N";"ATTRIBUTE";"REF_ORF_STREAM_ID";
"STREAM";"STRM_SINGLE_TRANSFER";"TO_STREAM";"EC_PROD";"N";"";"";"1:1";"COLUMN";"STREAM_ID";
"STREAM";"TANK";"ANALYSIS_STREAM";"EC_PROD";"N";"N";"";"1:1";"ATTRIBUTE";"ANALYSIS_STREAM_ID";
"STREAM";"TANK";"EXPORT_STREAM";"EC_PROD";"N";"N";"";"1:1";"ATTRIBUTE";"EXPORT_STREAM_ID";
"STREAM";"WELL";"FLUID_QUALITY";"EC_PROD";"N";"N";"";"1:N";"ATTRIBUTE";"FLUID_QUALITY";
"SUB_AREA";"FCTY_CLASS_2";"OP_SUB_AREA";"EC_PROD";"N";"N";"operational";"1:N";"ATTRIBUTE";"OP_SUB_AREA_ID";
"TANK";"TANK_USAGE";"TANK";"EC_PROD";"Y";"N";"";"1:1";"COLUMN";"TANK_ID";
"TANK";"TEST_DEVICE";"TANKMETER";"EC_PROD";"N";"N";"";"1:N";"ATTRIBUTE";"TANK_ID";
"TEST_DEVICE";"PWEL_RESULT";"TEST_DEVICE";"EC_PROD";"N";"N";"";"1:N";"COLUMN";"TEST_DEVICE";
"TEST_DEVICE";"WELL";"TEST_DEVICE";"EC_PROD";"N";"N";"";"1:N";"ATTRIBUTE";"TEST_DEVICE_ID";
"TRANSPORT_SYSTEM";"TRANSPORT_ZONE";"TRANSPORT_SYSTEM";"EC_TRAN";"N";"N";"";"1:N";"ATTRIBUTE";"TRANSPORT_SYSTEM_ID";
"TRANSPORT_ZONE";"DELIVERY_POINT";"ENTRY_TRANSPORT_ZONE";"EC_TRAN";"N";"N";"";"1:N";"ATTRIBUTE";"ENTRY_TRANSPORT_ZONE_ID";
"TRANSPORT_ZONE";"DELIVERY_POINT";"EXIT_TRANSPORT_ZONE";"EC_TRAN";"N";"N";"";"1:N";"ATTRIBUTE";"EXIT_TRANSPORT_ZONE_ID";
"TRANSPORT_ZONE";"DELIVERY_POINT";"INSIDE_TRANSPORT_ZONE";"EC_TRAN";"N";"N";"";"1:N";"ATTRIBUTE";"INSIDE_TRANSPORT_ZONE_ID";
"TRANSPORT_ZONE";"DELIVERY_STREAM";"ENTRY_TRANSPORT_ZONE";"EC_TRAN";"N";"N";"";"1:N";"ATTRIBUTE";"ENTRY_TRANSPORT_ZONE_ID";
"TRANSPORT_ZONE";"DELIVERY_STREAM";"EXIT_TRANSPORT_ZONE";"EC_TRAN";"N";"N";"";"1:N";"ATTRIBUTE";"EXIT_TRANSPORT_ZONE_ID";
"TRANSPORT_ZONE";"DELIVERY_STREAM";"INSIDE_TRANSPORT_ZONE";"EC_TRAN";"N";"N";"";"1:N";"ATTRIBUTE";"INSIDE_TRANSPORT_ZONE_ID";
"TRANSPORT_ZONE";"NOMINATION_LOCATION";"ENTRY_TRANSPORT_ZONE";"EC_TRAN";"N";"N";"";"1:N";"ATTRIBUTE";"ENTRY_TRANSPORT_ZONE_ID";
"TRANSPORT_ZONE";"NOMINATION_LOCATION";"EXIT_TRANSPORT_ZONE";"EC_TRAN";"N";"N";"";"1:N";"ATTRIBUTE";"EXIT_TRANSPORT_ZONE_ID";
"TRANSPORT_ZONE";"NOMINATION_LOCATION";"INSIDE_TRANSPORT_ZONE";"EC_TRAN";"N";"N";"";"1:N";"ATTRIBUTE";"INSIDE_TRANSPORT_ZONE_ID";
"TRANSPORT_ZONE";"PIPELINE_SEGMENT";"TRANSPORT_ZONE";"EC_TRAN";"N";"N";"";"1:N";"ATTRIBUTE";"TRAN_ZONE_ID";
"UTILITY_EQPM";"WELL";"DEF_UTILITY";"EC_PROD";"N";"N";"";"1:N";"ATTRIBUTE";"DEF_UTILITY_ID";
"WELL";"SCTR_WELL_COMPANY";"WELL";"EC_SALE";"Y";"N";"";"1:1";"COLUMN";"PROFIT_CENTRE_ID";
"WELL";"TANK";"TANK_WELL";"EC_PROD";"N";"N";"";"1:1";"ATTRIBUTE";"TANK_WELL";
"WELL";"WELL_BORE";"WELL";"EC_PROD";"N";"N";"";"1:N";"COLUMN";"WELL_ID";
"WELL_BORE";"WELL_BORE_INTERVAL";"WELL_BORE";"EC_PROD";"N";"N";"";"1:N";"COLUMN";"WELL_BORE_ID";
"WELL_BORE_INTERVAL";"PERF_INTERVAL";"WELL_BORE_INTERVAL";"EC_PROD";"N";"N";"";"1:N";"COLUMN";"WEBO_INTERVAL_ID";
"WELL_HOLE";"WELL";"WELL_HOLE";"EC_PROD";"N";"N";"";"1:N";"COLUMN";"WELL_HOLE_ID";
"WELL_HOOKUP";"WELL";"OP_WELL_HOOKUP";"EC_PROD";"N";"N";"operational";"1:N";"ATTRIBUTE";"OP_WELL_HOOKUP_ID";
Elapsed: 00:00:00.82
